CHEBI_ID	Name	Formula	Charge	Mass	InChi	Smiles	InChiKey	Note
CHEBI:15589	(S)-malate(2-)	C4H4O5	-2	132.07156	InChI=1S/C4H6O5/c5-2(4(8)9)1-3(6)7/h2,5H,1H2,(H,6,7)(H,8,9)/p-2/t2-/m0/s1	O[C@@H](CC([O-])=O)C([O-])=O	BJEPYKJPYRNKOW-REOHCLBHSA-L	
CHEBI:15379	dioxygen	O2	0	31.9988	InChI=1S/O2/c1-2	O=O	MYMOFIZGZYHOMD-UHFFFAOYSA-N	
CHEBI:16240	hydrogen peroxide	H2O2	0	34.01468	InChI=1S/H2O2/c1-2/h1-2H	[H]OO[H]	MHAJPDPJQMAIIY-UHFFFAOYSA-N	
CHEBI:16452	oxaloacetate(2-)	C4H2O5	-2	130.05568	InChI=1S/C4H4O5/c5-2(4(8)9)1-3(6)7/h1H2,(H,6,7)(H,8,9)/p-2	[O-]C(=O)CC(=O)C([O-])=O	KHPXUQMNIQBQEV-UHFFFAOYSA-L	
CHEBI:57288	acetyl-CoA(4-)	C23H34N7O17P3S	-4	805.539	InChI=1S/C23H38N7O17P3S/c1-12(31)51-7-6-25-14(32)4-5-26-21(35)18(34)23(2,3)9-44-50(41,42)47-49(39,40)43-8-13-17(46-48(36,37)38)16(33)22(45-13)30-11-29-15-19(24)27-10-28-20(15)30/h10-11,13,16-18,22,33-34H,4-9H2,1-3H3,(H,25,32)(H,26,35)(H,39,40)(H,41,42)(H2,24,27,28)(H2,36,37,38)/p-4/t13-,16-,17-,18+,22-/m1/s1	CC(=O)SCCNC(=O)CCNC(=O)[C@H](O)C(C)(C)COP([O-])(=O)OP([O-])(=O)OC[C@H]1O[C@H]([C@H](O)[C@@H]1OP([O-])([O-])=O)n1cnc2c(N)ncnc12	ZSLZBFCDCINBPY-ZSJPKINUSA-J	
CHEBI:15377	water	H2O	0	18.0153	InChI=1S/H2O/h1H2	[H]O[H]	XLYOFNOQVPJJNP-UHFFFAOYSA-N	
CHEBI:16947	citrate(3-)	C6H5O7	-3	189.0997	InChI=1S/C6H8O7/c7-3(8)1-6(13,5(11)12)2-4(9)10/h13H,1-2H2,(H,7,8)(H,9,10)(H,11,12)/p-3	OC(CC([O-])=O)(CC([O-])=O)C([O-])=O	KRKNYBCHXYNGOX-UHFFFAOYSA-K	
CHEBI:57287	coenzyme A(4-)	C21H32N7O16P3S	-4	763.502	InChI=1S/C21H36N7O16P3S/c1-21(2,16(31)19(32)24-4-3-12(29)23-5-6-48)8-41-47(38,39)44-46(36,37)40-7-11-15(43-45(33,34)35)14(30)20(42-11)28-10-27-13-17(22)25-9-26-18(13)28/h9-11,14-16,20,30-31,48H,3-8H2,1-2H3,(H,23,29)(H,24,32)(H,36,37)(H,38,39)(H2,22,25,26)(H2,33,34,35)/p-4/t11-,14-,15-,16+,20-/m1/s1	CC(C)(COP([O-])(=O)OP([O-])(=O)OC[C@H]1O[C@H]([C@H](O)[C@@H]1OP([O-])([O-])=O)n1cnc2c(N)ncnc12)[C@@H](O)C(=O)NCCC(=O)NCCS	RGJOEKWQDUBAIZ-IBOSZNHHSA-J	
CHEBI:15378	hydron	H	1	1.00794	InChI=1S/p+1	[H+]	GPRLSGONYQIRFK-UHFFFAOYSA-N	
CHEBI:15740	formate	CHO2	-1	45.01744	InChI=1S/CH2O2/c2-1-3/h1H,(H,2,3)/p-1	[H]C([O-])=O	BDAGIHXWWSANSR-UHFFFAOYSA-M	
CHEBI:15361	pyruvate	C3H3O3	-1	87.05412	InChI=1S/C3H4O3/c1-2(4)3(5)6/h1H3,(H,5,6)/p-1	CC(=O)C([O-])=O	LCTONWCANYUPML-UHFFFAOYSA-M	
CHEBI:15343	acetaldehyde	C2H4O	0	44.05256	InChI=1S/C2H4O/c1-2-3/h2H,1H3	[H]C(C)=O	IKHGUXGNUITLKF-UHFFFAOYSA-N	
CHEBI:16526	carbon dioxide	CO2	0	44.01	InChI=1S/CO2/c2-1-3	O=C=O	CURLTUGMZLYLDI-UHFFFAOYSA-N	
CHEBI:30089	acetate	C2H3O2	-1	59.04402	InChI=1S/C2H4O2/c1-2(3)4/h1H3,(H,3,4)/p-1	CC([O-])=O	QTBSBXVTEAMEQO-UHFFFAOYSA-M	
CHEBI:57540	NAD(1-)	C21H26N7O14P2	-1	662.4172	InChI=1S/C21H27N7O14P2/c22-17-12-19(25-7-24-17)28(8-26-12)21-16(32)14(30)11(41-21)6-39-44(36,37)42-43(34,35)38-5-10-13(29)15(31)20(40-10)27-3-1-2-9(4-27)18(23)33/h1-4,7-8,10-11,13-16,20-21,29-32H,5-6H2,(H5-,22,23,24,25,33,34,35,36,37)/p-1/t10-,11-,13-,14-,15-,16-,20-,21-/m1/s1	NC(=O)c1ccc[n+](c1)[C@@H]1O[C@H](COP([O-])(=O)OP([O-])(=O)OC[C@H]2O[C@H]([C@H](O)[C@@H]2O)n2cnc3c(N)ncnc23)[C@@H](O)[C@H]1O	BAWFJGJZGIEFAR-NNYOXOHSSA-M	
CHEBI:57945	NADH(2-)	C21H27N7O14P2	-2	663.4251	InChI=1S/C21H29N7O14P2/c22-17-12-19(25-7-24-17)28(8-26-12)21-16(32)14(30)11(41-21)6-39-44(36,37)42-43(34,35)38-5-10-13(29)15(31)20(40-10)27-3-1-2-9(4-27)18(23)33/h1,3-4,7-8,10-11,13-16,20-21,29-32H,2,5-6H2,(H2,23,33)(H,34,35)(H,36,37)(H2,22,24,25)/p-2/t10-,11-,13-,14-,15-,16-,20-,21-/m1/s1	NC(=O)C1=CN(C=CC1)[C@@H]1O[C@H](COP([O-])(=O)OP([O-])(=O)OC[C@H]2O[C@H]([C@H](O)[C@@H]2O)n2cnc3c(N)ncnc23)[C@@H](O)[C@H]1O	BOPGDPNILDQYTO-NNYOXOHSSA-L	
CHEBI:57783	NADPH(4-)	C21H26N7O17P3	-4	741.3891	InChI=1S/C21H30N7O17P3/c22-17-12-19(25-7-24-17)28(8-26-12)21-16(44-46(33,34)35)14(30)11(43-21)6-41-48(38,39)45-47(36,37)40-5-10-13(29)15(31)20(42-10)27-3-1-2-9(4-27)18(23)32/h1,3-4,7-8,10-11,13-16,20-21,29-31H,2,5-6H2,(H2,23,32)(H,36,37)(H,38,39)(H2,22,24,25)(H2,33,34,35)/p-4/t10-,11-,13-,14-,15-,16-,20-,21-/m1/s1	NC(=O)C1=CN(C=CC1)[C@@H]1O[C@H](COP([O-])(=O)OP([O-])(=O)OC[C@H]2O[C@H]([C@H](OP([O-])([O-])=O)[C@@H]2O)n2cnc3c(N)ncnc23)[C@@H](O)[C@H]1O	ACFIXJIJDZMPPO-NNYOXOHSSA-J	
CHEBI:58349	NADP(3-)	C21H25N7O17P3	-3	740.3812	InChI=1S/C21H28N7O17P3/c22-17-12-19(25-7-24-17)28(8-26-12)21-16(44-46(33,34)35)14(30)11(43-21)6-41-48(38,39)45-47(36,37)40-5-10-13(29)15(31)20(42-10)27-3-1-2-9(4-27)18(23)32/h1-4,7-8,10-11,13-16,20-21,29-31H,5-6H2,(H7-,22,23,24,25,32,33,34,35,36,37,38,39)/p-3/t10-,11-,13-,14-,15-,16-,20-,21-/m1/s1	NC(=O)c1ccc[n+](c1)[C@@H]1O[C@H](COP([O-])(=O)OP([O-])(=O)OC[C@H]2O[C@H]([C@H](OP([O-])([O-])=O)[C@@H]2O)n2cnc3c(N)ncnc23)[C@@H](O)[C@H]1O	XJLXINKUBYWONI-NNYOXOHSSA-K	
CHEBI:16236	ethanol	C2H6O	0	46.06844	InChI=1S/C2H6O/c1-2-3/h3H,2H2,1H3	CCO	LFQSCWFLJHTTHZ-UHFFFAOYSA-N	
CHEBI:43474	hydrogenphosphate	HO4P	-2	95.9793	InChI=1S/H3O4P/c1-5(2,3)4/h(H3,1,2,3,4)/p-2	OP([O-])([O-])=O	NBIIXXVUZAFLBC-UHFFFAOYSA-L	
CHEBI:22191	acetyl phosphate(2-)	C2H3O5P	-2	138.01598	InChI=1S/C2H5O5P/c1-2(3)7-8(4,5)6/h1H3,(H2,4,5,6)/p-2	CC(=O)OP([O-])([O-])=O	LIPOUNRJVLNBCD-UHFFFAOYSA-L	
CHEBI:30616	ATP(4-)	C10H12N5O13P3	-4	503.14946	InChI=1S/C10H16N5O13P3/c11-8-5-9(13-2-12-8)15(3-14-5)10-7(17)6(16)4(26-10)1-25-30(21,22)28-31(23,24)27-29(18,19)20/h2-4,6-7,10,16-17H,1H2,(H,21,22)(H,23,24)(H2,11,12,13)(H2,18,19,20)/p-4/t4-,6-,7-,10-/m1/s1	Nc1ncnc2n(cnc12)[C@@H]1O[C@H](COP([O-])(=O)OP([O-])(=O)OP([O-])([O-])=O)[C@@H](O)[C@H]1O	ZKHQWZAMYRWXGA-KQYNXXCUSA-J	
CHEBI:456216	ADP(3-)	C10H12N5O10P2	-3	424.1773	InChI=1S/C10H15N5O10P2/c11-8-5-9(13-2-12-8)15(3-14-5)10-7(17)6(16)4(24-10)1-23-27(21,22)25-26(18,19)20/h2-4,6-7,10,16-17H,1H2,(H,21,22)(H2,11,12,13)(H2,18,19,20)/p-3/t4-,6-,7-,10-/m1/s1	Nc1ncnc2n(cnc12)[C@@H]1O[C@H](COP([O-])(=O)OP([O-])([O-])=O)[C@@H](O)[C@H]1O	XTWYTFMLZFPYCI-KQYNXXCUSA-K	
CHEBI:57286	acetoacetyl-CoA(4-)	C25H36N7O18P3S	-4	847.576	InChI=1S/C25H40N7O18P3S/c1-13(33)8-16(35)54-7-6-27-15(34)4-5-28-23(38)20(37)25(2,3)10-47-53(44,45)50-52(42,43)46-9-14-19(49-51(39,40)41)18(36)24(48-14)32-12-31-17-21(26)29-11-30-22(17)32/h11-12,14,18-20,24,36-37H,4-10H2,1-3H3,(H,27,34)(H,28,38)(H,42,43)(H,44,45)(H2,26,29,30)(H2,39,40,41)/p-4/t14-,18-,19-,20+,24-/m1/s1	CC(=O)CC(=O)SCCNC(=O)CCNC(=O)[C@H](O)C(C)(C)COP([O-])(=O)OP([O-])(=O)OC[C@H]1O[C@H]([C@H](O)[C@@H]1OP([O-])([O-])=O)n1cnc2c(N)ncnc12	OJFDKHTZOUZBOS-CITAKDKDSA-J	
CHEBI:57316	(S)-3-hydroxybutanoyl-CoA(4-)	C25H38N7O18P3S	-4	849.592	InChI=1S/C25H42N7O18P3S/c1-13(33)8-16(35)54-7-6-27-15(34)4-5-28-23(38)20(37)25(2,3)10-47-53(44,45)50-52(42,43)46-9-14-19(49-51(39,40)41)18(36)24(48-14)32-12-31-17-21(26)29-11-30-22(17)32/h11-14,18-20,24,33,36-37H,4-10H2,1-3H3,(H,27,34)(H,28,38)(H,42,43)(H,44,45)(H2,26,29,30)(H2,39,40,41)/p-4/t13-,14+,18+,19+,20-,24+/m0/s1	C[C@H](O)CC(=O)SCCNC(=O)CCNC(=O)[C@H](O)C(C)(C)COP([O-])(=O)OP([O-])(=O)OC[C@H]1O[C@H]([C@H](O)[C@@H]1OP([O-])([O-])=O)n1cnc2c(N)ncnc12	QHHKKMYHDBRONY-VKBDFPRVSA-J	
CHEBI:57315	(R)-3-hydroxybutanoyl-CoA(4-)	C25H38N7O18P3S	-4	849.592	InChI=1S/C25H42N7O18P3S/c1-13(33)8-16(35)54-7-6-27-15(34)4-5-28-23(38)20(37)25(2,3)10-47-53(44,45)50-52(42,43)46-9-14-19(49-51(39,40)41)18(36)24(48-14)32-12-31-17-21(26)29-11-30-22(17)32/h11-14,18-20,24,33,36-37H,4-10H2,1-3H3,(H,27,34)(H,28,38)(H,42,43)(H,44,45)(H2,26,29,30)(H2,39,40,41)/p-4/t13-,14-,18-,19-,20+,24-/m1/s1	C[C@@H](O)CC(=O)SCCNC(=O)CCNC(=O)[C@H](O)C(C)(C)COP([O-])(=O)OP([O-])(=O)OC[C@H]1O[C@H]([C@H](O)[C@@H]1OP([O-])([O-])=O)n1cnc2c(N)ncnc12	QHHKKMYHDBRONY-WZZMXTMRSA-J	
CHEBI:57332	crotonoyl-CoA(4-)	C25H36N7O17P3S	-4	831.576	InChI=1S/C25H40N7O17P3S/c1-4-5-16(34)53-9-8-27-15(33)6-7-28-23(37)20(36)25(2,3)11-46-52(43,44)49-51(41,42)45-10-14-19(48-50(38,39)40)18(35)24(47-14)32-13-31-17-21(26)29-12-30-22(17)32/h4-5,12-14,18-20,24,35-36H,6-11H2,1-3H3,(H,27,33)(H,28,37)(H,41,42)(H,43,44)(H2,26,29,30)(H2,38,39,40)/p-4/b5-4+/t14-,18-,19-,20+,24-/m1/s1	C\C=C\C(=O)SCCNC(=O)CCNC(=O)[C@H](O)C(C)(C)COP([O-])(=O)OP([O-])(=O)OC[C@H]1O[C@H]([C@H](O)[C@@H]1OP([O-])([O-])=O)n1cnc2c(N)ncnc12	KFWWCMJSYSSPSK-PAXLJYGASA-J	
CHEBI:57371	butyryl-CoA(4-)	C25H38N7O17P3S	-4	833.592	InChI=1S/C25H42N7O17P3S/c1-4-5-16(34)53-9-8-27-15(33)6-7-28-23(37)20(36)25(2,3)11-46-52(43,44)49-51(41,42)45-10-14-19(48-50(38,39)40)18(35)24(47-14)32-13-31-17-21(26)29-12-30-22(17)32/h12-14,18-20,24,35-36H,4-11H2,1-3H3,(H,27,33)(H,28,37)(H,41,42)(H,43,44)(H2,26,29,30)(H2,38,39,40)/p-4/t14-,18-,19-,20+,24-/m1/s1	CCCC(=O)SCCNC(=O)CCNC(=O)[C@H](O)C(C)(C)COP([O-])(=O)OP([O-])(=O)OC[C@H]1O[C@H]([C@H](O)[C@@H]1OP([O-])([O-])=O)n1cnc2c(N)ncnc12	CRFNGMNYKDXRTN-CITAKDKDSA-J	
CHEBI:57692	FAD(3-)	C27H30N9O15P2	-3	782.5259	InChI=1S/C27H33N9O15P2/c1-10-3-12-13(4-11(10)2)35(24-18(32-12)25(42)34-27(43)33-24)5-14(37)19(39)15(38)6-48-52(44,45)51-53(46,47)49-7-16-20(40)21(41)26(50-16)36-9-31-17-22(28)29-8-30-23(17)36/h3-4,8-9,14-16,19-21,26,37-41H,5-7H2,1-2H3,(H5,28,29,30,34,42,43,44,45,46,47)/p-3/t14-,15+,16+,19-,20+,21+,26+/m0/s1	Cc1cc2nc3c(nc(=O)[n-]c3=O)n(C[C@H](O)[C@H](O)[C@H](O)COP([O-])(=O)OP([O-])(=O)OC[C@H]3O[C@H]([C@H](O)[C@@H]3O)n3cnc4c(N)ncnc34)c2cc1C	IMGVNJNCCGXBHD-UYBVJOGSSA-K	
CHEBI:58307	FADH2(2-)	C27H33N9O15P2	-2	785.5497	InChI=1S/C27H35N9O15P2/c1-10-3-12-13(4-11(10)2)35(24-18(32-12)25(42)34-27(43)33-24)5-14(37)19(39)15(38)6-48-52(44,45)51-53(46,47)49-7-16-20(40)21(41)26(50-16)36-9-31-17-22(28)29-8-30-23(17)36/h3-4,8-9,14-16,19-21,26,32,37-41H,5-7H2,1-2H3,(H,44,45)(H,46,47)(H2,28,29,30)(H2,33,34,42,43)/p-2/t14-,15+,16+,19-,20+,21+,26+/m0/s1	Cc1cc2Nc3c([nH]c(=O)[nH]c3=O)N(C[C@H](O)[C@H](O)[C@H](O)COP([O-])(=O)OP([O-])(=O)OC[C@H]3O[C@H]([C@H](O)[C@@H]3O)n3cnc4c(N)ncnc34)c2cc1C	YPZRHBJKEMOYQH-UYBVJOGSSA-L	
CHEBI:16383	cis-aconitate(3-)	C6H3O6	-3	171.08442	InChI=1S/C6H6O6/c7-4(8)1-3(6(11)12)2-5(9)10/h1H,2H2,(H,7,8)(H,9,10)(H,11,12)/p-3/b3-1-	[O-]C(=O)C\C(=C\C([O-])=O)C([O-])=O	GTZCVFVGUGFEME-IWQZZHSRSA-K	
CHEBI:17968	butyrate	C4H7O2	-1	87.09718	InChI=1S/C4H8O2/c1-2-3-4(5)6/h2-3H2,1H3,(H,5,6)/p-1	CCCC([O-])=O	FERIUCNNQQJTOY-UHFFFAOYSA-M	
CHEBI:16087	isocitrate(3-)	C6H5O7	-3	189.0997	InChI=1S/C6H8O7/c7-3(8)1-2(5(10)11)4(9)6(12)13/h2,4,9H,1H2,(H,7,8)(H,10,11)(H,12,13)/p-3	OC(C(CC([O-])=O)C([O-])=O)C([O-])=O	ODBLHEXUDAPZAU-UHFFFAOYSA-K	
CHEBI:10983	(R)-3-hydroxybutyrate	C4H7O3	-1	103.09658	InChI=1S/C4H8O3/c1-3(5)2-4(6)7/h3,5H,2H2,1H3,(H,6,7)/p-1/t3-/m1/s1	C[C@@H](O)CC([O-])=O	WHBMMWSBFZVSSR-GSVOUGTGSA-M	
CHEBI:16810	2-oxoglutarate(2-)	C5H4O5	-2	144.08226	InChI=1S/C5H6O5/c6-3(5(9)10)1-2-4(7)8/h1-2H2,(H,7,8)(H,9,10)/p-2	[O-]C(=O)CCC(=O)C([O-])=O	KPGXRSRHYNQIFN-UHFFFAOYSA-L	
CHEBI:57292	succinyl-CoA(5-)	C25H35N7O19P3S	-5	862.567	InChI=1S/C25H40N7O19P3S/c1-25(2,20(38)23(39)28-6-5-14(33)27-7-8-55-16(36)4-3-15(34)35)10-48-54(45,46)51-53(43,44)47-9-13-19(50-52(40,41)42)18(37)24(49-13)32-12-31-17-21(26)29-11-30-22(17)32/h11-13,18-20,24,37-38H,3-10H2,1-2H3,(H,27,33)(H,28,39)(H,34,35)(H,43,44)(H,45,46)(H2,26,29,30)(H2,40,41,42)/p-5/t13-,18-,19-,20+,24-/m1/s1	CC(C)(COP([O-])(=O)OP([O-])(=O)OC[C@H]1O[C@H]([C@H](O)[C@@H]1OP([O-])([O-])=O)n1cnc2c(N)ncnc12)[C@@H](O)C(=O)NCCC(=O)NCCSC(=O)CCC([O-])=O	VNOYUJKHFWYWIR-ITIYDSSPSA-I	
CHEBI:57706	4-oxobutanoate	C4H5O3	-1	101.0807	InChI=1S/C4H6O3/c5-3-1-2-4(6)7/h3H,1-2H2,(H,6,7)/p-1	[O-]C(=O)CCC=O	UIUJIQZEACWQSV-UHFFFAOYSA-M	
CHEBI:16724	4-hydroxybutyrate	C4H7O3	-1	103.09658	InChI=1S/C4H8O3/c5-3-1-2-4(6)7/h5H,1-3H2,(H,6,7)/p-1	OCCCC([O-])=O	SJZRECIVHVDYJC-UHFFFAOYSA-M	
CHEBI:15347	acetone	C3H6O	0	58.07914	InChI=1S/C3H6O/c1-3(2)4/h1-2H3	CC(C)=O	CSCPPACGZOOCGX-UHFFFAOYSA-N	
CHEBI:17824	propan-2-ol	C3H8O	0	60.09502	InChI=1S/C3H8O/c1-3(2)4/h3-4H,1-2H3	CC(C)O	KFZMGEQAYNKOFK-UHFFFAOYSA-N	
CHEBI:28885	butan-1-ol	C4H10O	0	74.1216	InChI=1S/C4H10O/c1-2-3-4-5/h5H,2-4H2,1H3	CCCCO	LRHPLDYGYMQRHN-UHFFFAOYSA-N	
CHEBI:58574	4-hydroxybutyryl-CoA(4-)	C25H38N7O18P3S	-4	849.592	InChI=1S/C25H42N7O18P3S/c1-25(2,20(37)23(38)28-6-5-15(34)27-7-9-54-16(35)4-3-8-33)11-47-53(44,45)50-52(42,43)46-10-14-19(49-51(39,40)41)18(36)24(48-14)32-13-31-17-21(26)29-12-30-22(17)32/h12-14,18-20,24,33,36-37H,3-11H2,1-2H3,(H,27,34)(H,28,38)(H,42,43)(H,44,45)(H2,26,29,30)(H2,39,40,41)/p-4/t14-,18-,19-,20+,24-/m1/s1	CC(C)(COP([O-])(=O)OP([O-])(=O)OC[C@H]1O[C@H]([C@H](O)[C@@H]1OP([O-])([O-])=O)n1cnc2c(N)ncnc12)[C@@H](O)C(=O)NCCC(=O)NCCSC(=O)CCCO	BAMBWCGEVIAQBF-CITAKDKDSA-J	
CHEBI:456215	adenosine 5'-monophosphate(2-)	C10H12N5O7P	-2	345.2053	InChI=1S/C10H14N5O7P/c11-8-5-9(13-2-12-8)15(3-14-5)10-7(17)6(16)4(22-10)1-21-23(18,19)20/h2-4,6-7,10,16-17H,1H2,(H2,11,12,13)(H2,18,19,20)/p-2/t4-,6-,7-,10-/m1/s1	Nc1ncnc2n(cnc12)[C@@H]1O[C@H](COP([O-])([O-])=O)[C@@H](O)[C@H]1O	UDMBCSSLTHHNCD-KQYNXXCUSA-L	
CHEBI:4HBAD	4-hydroxybutyraldehyde	C4H8O2	0	88.106	InChI=1S/C4H8O2/c5-3-1-2-4-6/h3,6H,1-2,4H2	C([CH]=O)CCO	PIAOXUVIBAKVSP-UHFFFAOYSA-N	
CHEBI:30031	succinate(2-)	C4H4O4	-2	116.07216	InChI=1S/C4H6O4/c5-3(6)1-2-4(7)8/h1-2H2,(H,5,6)(H,7,8)/p-2	[O-]C(=O)CCC([O-])=O		
CHEBI:14BDO	1,4-butanediol	C4H10O2	0	90.122	InChI=1S/C4H10O2/c5-3-1-2-4-6/h5-6H,1-4H2	C(O)CCCO	WERYXYBDKMZEQL-UHFFFAOYSA-N	
CHEBI:29806	fumarate(2-)	C4H2O4	-2	114.05628	InChI=1S/C4H4O4/c5-3(6)1-2-4(7)8/h1-2H,(H,5,6)(H,7,8)/p-2/b2-1+	[O-]C(=O)\C=C\C([O-])=O	VZCYOOQTPOCHFL-OWOJBTEDSA-L	
CHEBI:61682	ubiquinol-8	C49H76O4	0	729.1253	InChI=1S/C49H76O4/c1-36(2)20-13-21-37(3)22-14-23-38(4)24-15-25-39(5)26-16-27-40(6)28-17-29-41(7)30-18-31-42(8)32-19-33-43(9)34-35-45-44(10)46(50)48(52-11)49(53-12)47(45)51/h20,22,24,26,28,30,32,34,50-51H,13-19,21,23,25,27,29,31,33,35H2,1-12H3/b37-22+,38-24+,39-26+,40-28+,41-30+,42-32+,43-34+	COc1c(O)c(C)c(C\C=C(/C)CC\C=C(/C)CC\C=C(/C)CC\C=C(/C)CC\C=C(/C)CC\C=C(/C)CC\C=C(/C)CCC=C(C)C)c(O)c1OC	LOJUQFSPYHMHEO-SGHXUWJISA-N	
CHEBI:61683	ubiquinone-8	C49H74O4	0	727.1095	InChI=1S/C49H74O4/c1-36(2)20-13-21-37(3)22-14-23-38(4)24-15-25-39(5)26-16-27-40(6)28-17-29-41(7)30-18-31-42(8)32-19-33-43(9)34-35-45-44(10)46(50)48(52-11)49(53-12)47(45)51/h20,22,24,26,28,30,32,34H,13-19,21,23,25,27,29,31,33,35H2,1-12H3/b37-22+,38-24+,39-26+,40-28+,41-30+,42-32+,43-34+	COC1=C(OC)C(=O)C(C\C=C(/C)CC\C=C(/C)CC\C=C(/C)CC\C=C(/C)CC\C=C(/C)CC\C=C(/C)CC\C=C(/C)CCC=C(C)C)=C(C)C1=O	ICFIZJQGJAJRSU-SGHXUWJISA-N	
CHEBI:61684	menaquinol-8	C51H74O2	0	719.1321	InChI=1S/C51H74O2/c1-38(2)20-13-21-39(3)22-14-23-40(4)24-15-25-41(5)26-16-27-42(6)28-17-29-43(7)30-18-31-44(8)32-19-33-45(9)36-37-47-46(10)50(52)48-34-11-12-35-49(48)51(47)53/h11-12,20,22,24,26,28,30,32,34-36,52-53H,13-19,21,23,25,27,29,31,33,37H2,1-10H3/b39-22+,40-24+,41-26+,42-28+,43-30+,44-32+,45-36+	CC(C)=CCC\C(C)=C\CC\C(C)=C\CC\C(C)=C\CC\C(C)=C\CC\C(C)=C\CC\C(C)=C\CC\C(C)=C\Cc1c(C)c(O)c2ccccc2c1O	OIEZRVBFVPGODT-WQWYCSGDSA-N	
CHEBI:44027	menaquinone-8	C51H72O2	0	717.1162	InChI=1S/C51H72O2/c1-38(2)20-13-21-39(3)22-14-23-40(4)24-15-25-41(5)26-16-27-42(6)28-17-29-43(7)30-18-31-44(8)32-19-33-45(9)36-37-47-46(10)50(52)48-34-11-12-35-49(48)51(47)53/h11-12,20,22,24,26,28,30,32,34-36H,13-19,21,23,25,27,29,31,33,37H2,1-10H3/b39-22+,40-24+,41-26+,42-28+,43-30+,44-32+,45-36+	CC(C)=CCC\C(C)=C\CC\C(C)=C\CC\C(C)=C\CC\C(C)=C\CC\C(C)=C\CC\C(C)=C\CC\C(C)=C\CC1=C(C)C(=O)c2ccccc2C1=O	LXKDFTDVRVLXFY-WQWYCSGDSA-N	
CHEBI:32879	propane	C3H8	0	44.09562	InChI=1S/C3H8/c1-3-2/h3H2,1-2H3	CCC	ATUOYWHBWRKTHZ-UHFFFAOYSA-N	
CHEBI:14405	holo-[acyl-carrier protein]	HSR	0	33.074	None	S*	None	ACP
CHEBI:78454	O-(S-butanoylpantetheine-4'-phosphoryl)serine(1-) residue	C18H31N3O9PS	-1	496.493		CCCC(=O)SCCNC(=O)CCNC(=O)[C@H](O)C(C)(C)COP([O-])(=O)OC[C@H](N-*)C(-*)=O		butanoyl-ACP
CHEBI:17769	4-aminobutanal	C4H9NO	0	87.1204	InChI=1S/C4H9NO/c5-3-1-2-4-6/h4H,1-3,5H2	[H]C(=O)CCCN	DZQLQEYLEYWJIB-UHFFFAOYSA-N	
CHEBI:33019	diphosphate(3-)	HO7P2	-3	174.95126	InChI=1S/H4O7P2/c1-8(2,3)7-9(4,5)6/h(H2,1,2,3)(H2,4,5,6)/p-3	OP([O-])(=O)OP([O-])([O-])=O	XPPKVPWEQAFLFU-UHFFFAOYSA-K	
CHEBI:88764	ethyl butyrate	C6H12O2	0	116.159	InChI=1S/C6H12O2/c1-3-5-6(7)8-4-2/h3-5H2,1-2H3	CCCC(=O)OCC	OBNCKNCVKJNDBV-UHFFFAOYSA-N	
CHEBI:13705	acetoacetate	C4H5O3	-1	101.0807	InChI=1S/C4H6O3/c1-3(5)2-4(6)7/h2H2,1H3,(H,6,7)/p-1	CC(=O)CC([O-])=O	WDJHALXBUFZDSR-UHFFFAOYSA-M	
CHEBI:GBL	4-Butyrolactone	C4H6O2	0	86.09	InChI=1S/C4H6O2/c5-4-2-1-3-6-4/h1-3H2	C1CC(=O)OC1	YEJRWHAVMIAJKC-UHFFFAOYSA-N	
CHEBI:36655	glyoxylate	C2HO3	-1	73.02754	InChI=1S/C2H2O3/c3-1-2(4)5/h1H,(H,4,5)/p-1	[H]C(=O)C([O-])=O	HHLFWLYXYJOTON-UHFFFAOYSA-M	
CHEBI:30623	oxalate(2-)	C2O4	-2	88.019	InChI=1S/C2H2O4/c3-1(4)2(5)6/h(H,3,4)(H,5,6)/p-2	[O-]C(=O)C([O-])=O	MUBZPKHOEPUJKR-UHFFFAOYSA-L	
CHEBI:29805	glycolate	C2H3O3	-1	75.04342	InChI=1S/C2H4O3/c3-1-2(4)5/h3H,1H2,(H,4,5)/p-1	OCC([O-])=O	AEMRFAOFKBGASW-UHFFFAOYSA-M	
CHEBI:17071	glycolaldehyde	C2H4O2	0	60.05196	InChI=1S/C2H4O2/c3-1-2-4/h1,4H,2H2	[H]C(=O)CO	WGCNASOHLSPBMP-UHFFFAOYSA-N	
CHEBI:30742	ethylene glycol	C2H6O2	0	62.06784	InChI=1S/C2H6O2/c3-1-2-4/h3-4H,1-2H2	OCCO	LYCAIKOWRPUZTN-UHFFFAOYSA-N	
CHEBI:R3HBC	3-hydroxybutanal	C4H8O2	0	88.11	InChI=1S/C4H8O2/c1-4(6)2-3-5/h3-4,6H,2H2,1H3	CC(CC=O)O	HSJKGGMUJITCBW-UHFFFAOYSA-N	
CHEBI:R13BDO	butane-1,3-diol	C4H10O2	0	90.12	InChI=1S/C4H10O2/c1-4(6)2-3-5/h4-6H,2-3H2,1H3	CC(CCO)O	PUPZLCDOIYMWBV-UHFFFAOYSA-N	
CHEBI:19641	2-hydroxyisobutyrate	C4H7O3	-1	103.0966	InChI=1S/C4H8O3/c1-4(2,7)3(5)6/h7H,1-2H3,(H,5,6)/p-1	CC(C)(O)C([O-])=O	BWLBGMIXKSTLSX-UHFFFAOYSA-M	
CHEBI:131780	2-hydroxyisobutanoyl-CoA(4-)	C25H38N7O18P3S	-4	849.594	InChI=1S/C25H42N7O18P3S/c1-24(2,18(35)21(36)28-6-5-14(33)27-7-8-54-23(37)25(3,4)38)10-47-53(44,45)50-52(42,43)46-9-13-17(49-51(39,40)41)16(34)22(48-13)32-12-31-15-19(26)29-11-30-20(15)32/h11-13,16-18,22,34-35,38H,5-10H2,1-4H3,(H,27,33)(H,28,36)(H,42,43)(H,44,45)(H2,26,29,30)(H2,39,40,41)/p-4/t13-,16-,17-,18+,22-/m1/s1	[C@@H]1(N2C3=C(C(=NC=N3)N)N=C2)O[C@H](COP(OP(OCC(C)([C@H](C(NCCC(NCCSC(=O)C(C)(C)O)=O)=O)O)C)(=O)[O-])(=O)[O-])[C@H]([C@H]1O)OP([O-])([O-])=O	FFVUICCDNWZCRC-ZSJPKINUSA-J	
CHEBI:17240	itaconate(2-)	C5H4O4	-2	128.083	InChI=1S/C5H6O4/c1-3(5(8)9)2-4(6)7/h1-2H2,(H,6,7)(H,8,9)/p-2	C(C(CC([O-])=O)=C)([O-])=O	LVHBHZANLOWSRM-UHFFFAOYSA-L	
CHEBI:17120	hexanoate	C6H11O2	-1	115.15034	InChI=1S/C6H12O2/c1-2-3-4-5-6(7)8/h2-5H2,1H3,(H,7,8)/p-1	CCCCCC([O-])=O	FUZZWVXGSFPDMH-UHFFFAOYSA-M	
CHEBI:59888	gamma-aminobutyric acid zwitterion	C4H9NO2	0	103.1198	InChI=1S/C4H9NO2/c5-3-1-2-4(6)7/h1-3,5H2,(H,6,7)	[NH3+]CCCC([O-])=O	BTCSSZJGUNDROE-UHFFFAOYSA-N	
CHEBI:29985	L-glutamate(1-)	C5H8NO4	-1	146.12136	InChI=1S/C5H9NO4/c6-3(5(9)10)1-2-4(7)8/h3H,1-2,6H2,(H,7,8)(H,9,10)/p-1/t3-/m0/s1	[NH3+][C@@H](CCC([O-])=O)C([O-])=O	WHUUTDBJXJRKMK-VKHMYHEASA-M	
CHEBI:62418	3-oxohexanoyl-CoA(4-)	C27H40N7O18P3S	-4	875.629	InChI=1S/C27H44N7O18P3S/c1-4-5-15(35)10-18(37)56-9-8-29-17(36)6-7-30-25(40)22(39)27(2,3)12-49-55(46,47)52-54(44,45)48-11-16-21(51-53(41,42)43)20(38)26(50-16)34-14-33-19-23(28)31-13-32-24(19)34/h13-14,16,20-22,26,38-39H,4-12H2,1-3H3,(H,29,36)(H,30,40)(H,44,45)(H,46,47)(H2,28,31,32)(H2,41,42,43)/p-4/t16-,20-,21-,22+,26-/m1/s1	CCCC(=O)CC(=O)SCCNC(=O)CCNC(=O)[C@H](O)C(C)(C)COP([O-])(=O)OP([O-])(=O)OC[C@H]1O[C@H]([C@H](O)[C@@H]1OP([O-])([O-])=O)n1cnc2c(N)ncnc12	NFOYYXQAVVYWKV-HDRQGHTBSA-J	
CHEBI:62075	(S)-3-hydroxyhexanoyl-CoA(4-)	C27H42N7O18P3S	-4	877.645	InChI=1S/C27H46N7O18P3S/c1-4-5-15(35)10-18(37)56-9-8-29-17(36)6-7-30-25(40)22(39)27(2,3)12-49-55(46,47)52-54(44,45)48-11-16-21(51-53(41,42)43)20(38)26(50-16)34-14-33-19-23(28)31-13-32-24(19)34/h13-16,20-22,26,35,38-39H,4-12H2,1-3H3,(H,29,36)(H,30,40)(H,44,45)(H,46,47)(H2,28,31,32)(H2,41,42,43)/p-4/t15-,16+,20+,21+,22-,26+/m0/s1	CCC[C@H](O)CC(=O)SCCNC(=O)CCNC(=O)[C@H](O)C(C)(C)COP([O-])(=O)OP([O-])(=O)OC[C@H]1O[C@H]([C@H](O)[C@@H]1OP([O-])([O-])=O)n1cnc2c(N)ncnc12	VAAHKRMGOFIORX-IKTBLOROSA-J	
CHEBI:62077	trans-hex-2-enoyl-CoA(4-)	C27H40N7O17P3S	-4	859.629	InChI=1S/C27H44N7O17P3S/c1-4-5-6-7-18(36)55-11-10-29-17(35)8-9-30-25(39)22(38)27(2,3)13-48-54(45,46)51-53(43,44)47-12-16-21(50-52(40,41)42)20(37)26(49-16)34-15-33-19-23(28)31-14-32-24(19)34/h6-7,14-16,20-22,26,37-38H,4-5,8-13H2,1-3H3,(H,29,35)(H,30,39)(H,43,44)(H,45,46)(H2,28,31,32)(H2,40,41,42)/p-4/b7-6+/t16-,20-,21-,22+,26-/m1/s1	CCC\C=C\C(=O)SCCNC(=O)CCNC(=O)[C@H](O)C(C)(C)COP([O-])(=O)OP([O-])(=O)OC[C@H]1O[C@H]([C@H](O)[C@@H]1OP([O-])([O-])=O)n1cnc2c(N)ncnc12	OINXHIBNZUUIMR-IXUYQXAASA-J	
CHEBI:62620	hexanoyl-CoA(4-)	C27H42N7O17P3S	-4	861.645	InChI=1S/C27H46N7O17P3S/c1-4-5-6-7-18(36)55-11-10-29-17(35)8-9-30-25(39)22(38)27(2,3)13-48-54(45,46)51-53(43,44)47-12-16-21(50-52(40,41)42)20(37)26(49-16)34-15-33-19-23(28)31-14-32-24(19)34/h14-16,20-22,26,37-38H,4-13H2,1-3H3,(H,29,35)(H,30,39)(H,43,44)(H,45,46)(H2,28,31,32)(H2,40,41,42)/p-4/t16-,20-,21-,22+,26-/m1/s1	CCCCCC(=O)SCCNC(=O)CCNC(=O)[C@H](O)C(C)(C)COP([O-])(=O)OP([O-])(=O)OC[C@H]1O[C@H]([C@H](O)[C@@H]1OP([O-])([O-])=O)n1cnc2c(N)ncnc12	OEXFMSFODMQEPE-HDRQGHTBSA-J	
CHEBI:143075	L-homocarnosine zwitterion	C10H16N4O3	0	240.259	InChI=1S/C10H16N4O3/c11-3-1-2-9(15)14-8(10(16)17)4-7-5-12-6-13-7/h5-6,8H,1-4,11H2,(H,12,13)(H,14,15)(H,16,17)/t8-/m0/s1	C([C@@H](NC(CCC[NH3+])=O)CC1=CNC=N1)([O-])=O	CCLQKVKJOGVQLU-QMMMGPOBSA-N	
CHEBI:25646	octanoate	C8H15O2	-1	143.204	InChI=1S/C8H16O2/c1-2-3-4-5-6-7-8(9)10/h2-7H2,1H3,(H,9,10)/p-1	C(CCCCCC)C(=O)[O-]	WWZKQHOCKIZLMA-UHFFFAOYSA-M	
CHEBI:57386	octanoyl-CoA(4-)	C29H46N7O17P3S	-4	889.699	InChI=1S/C29H50N7O17P3S/c1-4-5-6-7-8-9-20(38)57-13-12-31-19(37)10-11-32-27(41)24(40)29(2,3)15-50-56(47,48)53-55(45,46)49-14-18-23(52-54(42,43)44)22(39)28(51-18)36-17-35-21-25(30)33-16-34-26(21)36/h16-18,22-24,28,39-40H,4-15H2,1-3H3,(H,31,37)(H,32,41)(H,45,46)(H,47,48)(H2,30,33,34)(H2,42,43,44)/p-4/t18-,22-,23-,24+,28-/m1/s1	CCCCCCCC(=O)SCCNC(=O)CCNC(=O)[C@H](O)C(C)(C)COP([O-])(=O)OP([O-])(=O)OC[C@H]1O[C@H]([C@H](O)[C@@H]1OP([O-])([O-])=O)n1cnc2c(N)ncnc12	KQMZYOXOBSXMII-CECATXLMSA-J	
CHEBI:62242	trans-oct-2-enoyl-CoA(4-)	C29H44N7O17P3S	-4	887.683	InChI=1S/C29H48N7O17P3S/c1-4-5-6-7-8-9-20(38)57-13-12-31-19(37)10-11-32-27(41)24(40)29(2,3)15-50-56(47,48)53-55(45,46)49-14-18-23(52-54(42,43)44)22(39)28(51-18)36-17-35-21-25(30)33-16-34-26(21)36/h8-9,16-18,22-24,28,39-40H,4-7,10-15H2,1-3H3,(H,31,37)(H,32,41)(H,45,46)(H,47,48)(H2,30,33,34)(H2,42,43,44)/p-4/b9-8+/t18-,22-,23-,24+,28-/m1/s1	CCCCC\C=C\C(=O)SCCNC(=O)CCNC(=O)[C@H](O)C(C)(C)COP([O-])(=O)OP([O-])(=O)OC[C@H]1O[C@H]([C@H](O)[C@@H]1OP([O-])([O-])=O)n1cnc2c(N)ncnc12	CPSDNAXXKWVYIY-NTLMCJQISA-J	CPSDNAXXKWVYIY-NTLMCJQISA-N
CHEBI:62617	(S)-3-hydroxyoctanoyl-CoA(4-)	C29H46N7O18P3S	-4	905.698	InChI=1S/C29H50N7O18P3S/c1-4-5-6-7-17(37)12-20(39)58-11-10-31-19(38)8-9-32-27(42)24(41)29(2,3)14-51-57(48,49)54-56(46,47)50-13-18-23(53-55(43,44)45)22(40)28(52-18)36-16-35-21-25(30)33-15-34-26(21)36/h15-18,22-24,28,37,40-41H,4-14H2,1-3H3,(H,31,38)(H,32,42)(H,46,47)(H,48,49)(H2,30,33,34)(H2,43,44,45)/p-4/t17-,18+,22+,23+,24-,28+/m0/s1	CCCCC[C@H](O)CC(=O)SCCNC(=O)CCNC(=O)[C@H](O)C(C)(C)COP([O-])(=O)OP([O-])(=O)OC[C@H]1O[C@H]([C@H](O)[C@@H]1OP([O-])([O-])=O)n1cnc2c(N)ncnc12	ATVGTMKWKDUCMS-OTOYJEMWSA-J	
CHEBI:62619	3-oxooctanoyl-CoA(4-)	C29H44N7O18P3S	-4	903.682	InChI=1S/C29H48N7O18P3S/c1-4-5-6-7-17(37)12-20(39)58-11-10-31-19(38)8-9-32-27(42)24(41)29(2,3)14-51-57(48,49)54-56(46,47)50-13-18-23(53-55(43,44)45)22(40)28(52-18)36-16-35-21-25(30)33-15-34-26(21)36/h15-16,18,22-24,28,40-41H,4-14H2,1-3H3,(H,31,38)(H,32,42)(H,46,47)(H,48,49)(H2,30,33,34)(H2,43,44,45)/p-4/t18-,22-,23-,24+,28-/m1/s1	CCCCCC(=O)CC(=O)SCCNC(=O)CCNC(=O)[C@H](O)C(C)(C)COP([O-])(=O)OP([O-])(=O)OC[C@H]1O[C@H]([C@H](O)[C@@H]1OP([O-])([O-])=O)n1cnc2c(N)ncnc12	WPIVBCGRGVNDDT-CECATXLMSA-J	
CHEBI:88528	hexanal	C6H12O	0	100.159	InChI=1S/C6H12O/c1-2-3-4-5-6-7/h6H,2-5H2,1H3	C(CCC)CC([H])=O	JARKCYVAAOWBJS-UHFFFAOYSA-N	
CHEBI:37830	pentane	C5H12	0	72.14878	InChI=1S/C5H12/c1-3-5-4-2/h3-5H2,1-2H3	CCCCC	OFBQJSOFQDEBGM-UHFFFAOYSA-N	
CHEBI:43074	(3S)-3-hydroxy-3-methylglutaryl-CoA(5-)	C27H39N7O20P3S	-5	906.62	InChI=1S/C27H44N7O20P3S/c1-26(2,21(40)24(41)30-5-4-15(35)29-6-7-58-17(38)9-27(3,42)8-16(36)37)11-51-57(48,49)54-56(46,47)50-10-14-20(53-55(43,44)45)19(39)25(52-14)34-13-33-18-22(28)31-12-32-23(18)34/h12-14,19-21,25,39-40,42H,4-11H2,1-3H3,(H,29,35)(H,30,41)(H,36,37)(H,46,47)(H,48,49)(H2,28,31,32)(H2,43,44,45)/p-5/t14-,19-,20-,21+,25-,27+/m1/s1	C[C@](O)(CC([O-])=O)CC(=O)SCCNC(=O)CCNC(=O)[C@H](O)C(C)(C)COP([O-])(=O)OP([O-])(=O)OC[C@H]1O[C@H]([C@H](O)[C@@H]1OP([O-])([O-])=O)n1cnc2c(N)ncnc12	CABVTRNMFUVUDM-VRHQGPGLSA-I	
CHEBI:36464	(R)-mevalonate	C6H11O4	-1	147.14914	InChI=1S/C6H12O4/c1-6(10,2-3-7)4-5(8)9/h7,10H,2-4H2,1H3,(H,8,9)/p-1/t6-/m1/s1	C[C@@](O)(CCO)CC([O-])=O	KJTLQQUUPVSXIM-ZCFIWIBFSA-M	
CHEBI:58146	(R)-5-phosphonatomevalonate(3-)	C6H10O7P	-3	225.1132	InChI=1S/C6H13O7P/c1-6(9,4-5(7)8)2-3-13-14(10,11)12/h9H,2-4H2,1H3,(H,7,8)(H2,10,11,12)/p-3/t6-/m1/s1	C[C@@](O)(CCOP([O-])([O-])=O)CC([O-])=O	OKZYCXHTTZZYSK-ZCFIWIBFSA-K	
CHEBI:57557	(R)-5-diphosphonatomevalonate(4-)	C6H10O10P2	-4	304.0851	InChI=1S/C6H14O10P2/c1-6(9,4-5(7)8)2-3-15-18(13,14)16-17(10,11)12/h9H,2-4H2,1H3,(H,7,8)(H,13,14)(H2,10,11,12)/p-4/t6-/m1/s1	C[C@@](O)(CCOP([O-])(=O)OP([O-])([O-])=O)CC([O-])=O	SIGQQUBJQXSAMW-ZCFIWIBFSA-J	
CHEBI:128769	isopentenyl diphosphate(3-)	C5H9O7P2	-3	243.0683	InChI=1S/C5H12O7P2/c1-5(2)3-4-11-14(9,10)12-13(6,7)8/h1,3-4H2,2H3,(H,9,10)(H2,6,7,8)/p-3	CC(=C)CCOP([O-])(=O)OP([O-])([O-])=O	NUHSROFQTUXZQQ-UHFFFAOYSA-K	
CHEBI:57623	prenyl diphosphate(3-)	C5H9O7P2	-3	243.0683	InChI=1S/C5H12O7P2/c1-5(2)3-4-11-14(9,10)12-13(6,7)8/h3H,4H2,1-2H3,(H,9,10)(H2,6,7,8)/p-3	CC(C)=CCOP([O-])(=O)OP([O-])([O-])=O	CBIDRCWHNCKSTO-UHFFFAOYSA-K	
CHEBI:35194	isoprene	C5H8	0	68.11702	InChI=1S/C5H8/c1-4-5(2)3/h4H,1-2H2,3H3	CC(=C)C=C	RRHGJUQNOFWUDK-UHFFFAOYSA-N	
CHEBI:57486	4-guanidinobutanoic acid zwitterion	C5H11N3O2	0	145.1597	InChI=1S/C5H11N3O2/c6-5(7)8-3-1-2-4(9)10/h1-3H2,(H,9,10)(H4,6,7,8)	NC(=[NH2+])NCCCC([O-])=O	TUHVEAJXIMEOSA-UHFFFAOYSA-N	
CHEBI:57352	4-aminobutanoyl-CoA(3-)	C25H40N8O17P3S	-3	849.615	InChI=1S/C25H43N8O17P3S/c1-25(2,20(37)23(38)29-7-5-15(34)28-8-9-54-16(35)4-3-6-26)11-47-53(44,45)50-52(42,43)46-10-14-19(49-51(39,40)41)18(36)24(48-14)33-13-32-17-21(27)30-12-31-22(17)33/h12-14,18-20,24,36-37H,3-11,26H2,1-2H3,(H,28,34)(H,29,38)(H,42,43)(H,44,45)(H2,27,30,31)(H2,39,40,41)/p-3/t14-,18-,19-,20+,24-/m1/s1	CC(C)(COP([O-])(=O)OP([O-])(=O)OC[C@H]1O[C@H]([C@H](O)[C@@H]1OP([O-])([O-])=O)n1cnc2c(N)ncnc12)[C@@H](O)C(=O)NCCC(=O)NCCSC(=O)CCC[NH3+]	HHFBTTVZSVBPFP-CITAKDKDSA-K	
CHEBI:77922	isopentenol	C5H10O	0	86.1323	InChI=1S/C5H10O/c1-5(2)3-4-6/h3-6H,1-2H3/b4-3+	CC(C)\C=C\O	QVDTXNVYSHVCGW-ONEGZZNKSA-N	
CHEBI:65078	isopentenyl phosphate(2-)	C5H9O4P	-2	164.0963	InChI=1S/C5H11O4P/c1-5(2)3-4-9-10(6,7)8/h1,3-4H2,2H3,(H2,6,7,8)/p-2	CC(=C)CCOP([O-])([O-])=O	QMZRXYCCCYYMHF-UHFFFAOYSA-L	
CHEBI:62898	isopentenyl alcohol	C5H10O	0	86.1323	InChI=1S/C5H10O/c1-5(2)3-4-6/h6H,1,3-4H2,2H3	CC(=C)CCO	CPJRRXSHAYUTGL-UHFFFAOYSA-N	
CHEBI:58057	geranyl diphosphate(3-)	C10H17O7P2	-3	311.1853	InChI=1S/C10H20O7P2/c1-9(2)5-4-6-10(3)7-8-16-19(14,15)17-18(11,12)13/h5,7H,4,6,8H2,1-3H3,(H,14,15)(H2,11,12,13)/p-3/b10-7+	CC(C)=CCC\C(C)=C\COP([O-])(=O)OP([O-])([O-])=O	GVVPGTZRZFNKDS-JXMROGBWSA-K	
CHEBI:17447	geraniol	C10H18O	0	154.24932	InChI=1S/C10H18O/c1-9(2)5-4-6-10(3)7-8-11/h5,7,11H,4,6,8H2,1-3H3/b10-7+	CC(C)=CCC\C(C)=C\CO	GLZPCOQZEFWAFX-JXMROGBWSA-N	
CHEBI:175763	2-trans,6-trans-farnesyl diphosphate(3-)	C15H25O7P2	-3	379.3023	InChI=1S/C15H28O7P2/c1-13(2)7-5-8-14(3)9-6-10-15(4)11-12-21-24(19,20)22-23(16,17)18/h7,9,11H,5-6,8,10,12H2,1-4H3,(H,19,20)(H2,16,17,18)/p-3/b14-9+,15-11+	CC(C)=CCC\C(C)=C\CC\C(C)=C\COP([O-])(=O)OP([O-])([O-])=O	VWFJDQUYCIWHTN-YFVJMOTDSA-K	
CHEBI:16619	(2-trans,6-trans)-farnesol	C15H26O	0	222.3663	InChI=1S/C15H26O/c1-13(2)7-5-8-14(3)9-6-10-15(4)11-12-16/h7,9,11,16H,5-6,8,10,12H2,1-4H3/b14-9+,15-11+	CC(C)=CCC\C(C)=C\CC\C(C)=C\CO	CRDAMVZIKSXKFV-YFVJMOTDSA-N	
CHEBI:58756	2-trans,6-trans,10-trans-geranylgeranyl diphosphate(3-)	C20H33O7P2	-3	447.4193	InChI=1S/C20H36O7P2/c1-17(2)9-6-10-18(3)11-7-12-19(4)13-8-14-20(5)15-16-26-29(24,25)27-28(21,22)23/h9,11,13,15H,6-8,10,12,14,16H2,1-5H3,(H,24,25)(H2,21,22,23)/p-3/b18-11+,19-13+,20-15+	CC(C)=CCC\C(C)=C\CC\C(C)=C\CC\C(C)=C\COP([O-])(=O)OP([O-])([O-])=O	OINNEUNVOZHBOX-QIRCYJPOSA-K	
CHEBI:46762	(E,E,E)-geranylgeraniol	C20H34O	0	290.48336	InChI=1S/C20H34O/c1-17(2)9-6-10-18(3)11-7-12-19(4)13-8-14-20(5)15-16-21/h9,11,13,15,21H,6-8,10,12,14,16H2,1-5H3/b18-11+,19-13+,20-15+	CC(C)=CCC\C(C)=C\CC\C(C)=C\CC\C(C)=C\CO	OJISWRZIEWCUBN-QIRCYJPOSA-N	
CHEBI:28660	(-)-alpha-pinene	C10H16	0	136.23404	InChI=1S/C10H16/c1-7-4-5-8-6-9(7)10(8,2)3/h4,8-9H,5-6H2,1-3H3/t8-,9-/m0/s1	CC1=CC[C@H]2C[C@@H]1C2(C)C	GRWFGVWFFZKLTI-IUCAKERBSA-N	
CHEBI:50029	(+)-sabinene	C10H16	0	136.23404	InChI=1S/C10H16/c1-7(2)10-5-4-8(3)9(10)6-10/h7,9H,3-6H2,1-2H3/t9-,10-/m1/s1	[H][C@]12C[C@]1(CCC2=C)C(C)C	NDVASEGYNIMXJL-NXEZZACHSA-N	
CHEBI:17221	beta-myrcene	C10H16	0	136.234	InChI=1S/C10H16/c1-5-10(4)8-6-7-9(2)3/h5,7H,1,4,6,8H2,2-3H3	CC(C)=CCCC(=C)C=C	UAHWPYUMFXYFJY-UHFFFAOYSA-N	
CHEBI:15383	(4S)-limonene	C10H16	0	136.23404	InChI=1S/C10H16/c1-8(2)10-6-4-9(3)5-7-10/h4,10H,1,5-7H2,2-3H3/t10-/m1/s1	[H][C@@]1(CCC(C)=CC1)C(C)=C	XMGQYMWWDOXHJM-SNVBAGLBSA-N	
CHEBI:10280	(E,E)-alpha-farnesene	C15H24	0	204.35106	InChI=1S/C15H24/c1-6-14(4)10-8-12-15(5)11-7-9-13(2)3/h6,9-10,12H,1,7-8,11H2,2-5H3/b14-10+,15-12+	CC(C)=CCC\C(C)=C\C\C=C(/C)C=C	CXENHBSYCFFKJS-VDQVFBMKSA-N	
CHEBI:10418	trans-beta-farnesene	C15H24	0	204.35106	InChI=1S/C15H24/c1-6-14(4)10-8-12-15(5)11-7-9-13(2)3/h6,9,12H,1,4,7-8,10-11H2,2-3,5H3/b15-12+	CC(C)=CCC\C(C)=C\CCC(=C)C=C	JSNRRGGBADWTMC-NTCAYCPXSA-N	
CHEBI:61677	(+)-alpha-santalene	C15H24	0	204.3511	InChI=1S/C15H24/c1-10(2)6-5-7-14(3)11-8-12-13(9-11)15(12,14)4/h6,11-13H,5,7-9H2,1-4H3/t11-,12+,13-,14-,15+/m1/s1	[H][C@]12C[C@]3([H])[C@@]([H])(C1)[C@]3(C)[C@]2(C)CCC=C(C)C	KWFJIXPIFLVMPM-KHMAMNHCSA-N	
CHEBI:49243	(E,R)-alpha-bisabolene	C15H24	0	204.35106	InChI=1S/C15H24/c1-12(2)6-5-7-14(4)15-10-8-13(3)9-11-15/h6-8,15H,5,9-11H2,1-4H3/b14-7+/t15-/m0/s1	[H][C@]1(CCC(C)=CC1)C(\C)=C\CC=C(C)C	YHBUQBJHSRGZNF-LULHVWEPSA-N	
CHEBI:17579	beta-carotene	C40H56	0	536.87264	InChI=1S/C40H56/c1-31(19-13-21-33(3)25-27-37-35(5)23-15-29-39(37,7)8)17-11-12-18-32(2)20-14-22-34(4)26-28-38-36(6)24-16-30-40(38,9)10/h11-14,17-22,25-28H,15-16,23-24,29-30H2,1-10H3/b12-11+,19-13+,20-14+,27-25+,28-26+,31-17+,32-18+,33-21+,34-22+	CC(\C=C\C=C(C)\C=C\C1=C(C)CCCC1(C)C)=C/C=C/C=C(C)/C=C/C=C(C)/C=C/C1=C(C)CCCC1(C)C	OENHQHLEOONYIE-JLTXGRSLSA-N	
CHEBI:40968	astaxanthin	C40H52O4	0	596.83848	InChI=1S/C40H52O4/c1-27(17-13-19-29(3)21-23-33-31(5)37(43)35(41)25-39(33,7)8)15-11-12-16-28(2)18-14-20-30(4)22-24-34-32(6)38(44)36(42)26-40(34,9)10/h11-24,35-36,41-42H,25-26H2,1-10H3/b12-11+,17-13+,18-14+,23-21+,24-22+,27-15+,28-16+,29-19+,30-20+/t35-,36-/m0/s1	CC(\C=C\C=C(C)\C=C\C1=C(C)C(=O)[C@@H](O)CC1(C)C)=C/C=C/C=C(C)/C=C/C=C(C)/C=C/C1=C(C)C(=O)[C@@H](O)CC1(C)C	MQZIGYBFDRPAKN-UWFIBFSHSA-N	
CHEBI:27787	15-cis-phytoene	C40H64	0	544.93616	InChI=1S/C40H64/c1-33(2)19-13-23-37(7)27-17-31-39(9)29-15-25-35(5)21-11-12-22-36(6)26-16-30-40(10)32-18-28-38(8)24-14-20-34(3)4/h11-12,19-22,27-30H,13-18,23-26,31-32H2,1-10H3/b12-11-,35-21+,36-22+,37-27+,38-28+,39-29+,40-30+	CC(C)=CCC\C(C)=C\CC\C(C)=C\CC\C(C)=C\C=C/C=C(\C)CC\C=C(/C)CC\C=C(/C)CCC=C(C)C	YVLPJIGOMTXXLP-BHLJUDRVSA-N	
CHEBI:15948	lycopene	C40H56	0	536.87264	InChI=1S/C40H56/c1-33(2)19-13-23-37(7)27-17-31-39(9)29-15-25-35(5)21-11-12-22-36(6)26-16-30-40(10)32-18-28-38(8)24-14-20-34(3)4/h11-12,15-22,25-32H,13-14,23-24H2,1-10H3/b12-11+,25-15+,26-16+,31-17+,32-18+,35-21+,36-22+,37-27+,38-28+,39-29+,40-30+	CC(C)=CCC\C(C)=C\C=C\C(C)=C\C=C\C(C)=C\C=C\C=C(C)\C=C\C=C(C)\C=C\C=C(/C)CCC=C(C)C	OAIJSZIZWZSQBC-GYZMGTAESA-N	
CHEBI:27740	gamma-carotene	C40H56	0	536.87264	InChI=1S/C40H56/c1-32(2)18-13-21-35(5)24-15-26-36(6)25-14-22-33(3)19-11-12-20-34(4)23-16-27-37(7)29-30-39-38(8)28-17-31-40(39,9)10/h11-12,14-16,18-20,22-27,29-30H,13,17,21,28,31H2,1-10H3/b12-11+,22-14+,23-16+,26-15+,30-29+,33-19+,34-20+,35-24+,36-25+,37-27+	CC(C)=CCC\C(C)=C\C=C\C(C)=C\C=C\C(C)=C\C=C\C=C(C)\C=C\C=C(C)\C=C\C1=C(C)CCCC1(C)C	HRQKOYFGHJYEFS-BXOLYSJBSA-N	
CHEBI:10362	beta-cryptoxanthin	C40H56O	0	552.87204	InChI=1S/C40H56O/c1-30(18-13-20-32(3)23-25-37-34(5)22-15-27-39(37,7)8)16-11-12-17-31(2)19-14-21-33(4)24-26-38-35(6)28-36(41)29-40(38,9)10/h11-14,16-21,23-26,36,41H,15,22,27-29H2,1-10H3/b12-11+,18-13+,19-14+,25-23+,26-24+,30-16+,31-17+,32-20+,33-21+/t36-/m1/s1	CC(\C=C\C=C(C)\C=C\C1=C(C)CCCC1(C)C)=C/C=C/C=C(C)/C=C/C=C(C)/C=C/C1=C(C)C[C@@H](O)CC1(C)C	DMASLKHVQRHNES-FKKUPVFPSA-N	
CHEBI:27547	zeaxanthin	C40H56O2	0	568.87144	InChI=1S/C40H56O2/c1-29(17-13-19-31(3)21-23-37-33(5)25-35(41)27-39(37,7)8)15-11-12-16-30(2)18-14-20-32(4)22-24-38-34(6)26-36(42)28-40(38,9)10/h11-24,35-36,41-42H,25-28H2,1-10H3/b12-11+,17-13+,18-14+,23-21+,24-22+,29-15+,30-16+,31-19+,32-20+/t35-,36-/m1/s1	CC(\C=C\C=C(C)\C=C\C1=C(C)C[C@@H](O)CC1(C)C)=C/C=C/C=C(C)/C=C/C=C(C)/C=C/C1=C(C)C[C@@H](O)CC1(C)C	JKQXZKUSFCKOGQ-QAYBQHTQSA-N	
CHEBI:4746	echinenone	C40H54O	0	550.8562	InChI=1S/C40H54O/c1-30(18-13-20-32(3)23-25-36-34(5)22-15-28-39(36,7)8)16-11-12-17-31(2)19-14-21-33(4)24-26-37-35(6)38(41)27-29-40(37,9)10/h11-14,16-21,23-26H,15,22,27-29H2,1-10H3/b12-11+,18-13+,19-14+,25-23+,26-24+,30-16+,31-17+,32-20+,33-21+	CC(\C=C\C=C(C)\C=C\C1=C(C)CCCC1(C)C)=C/C=C/C=C(C)/C=C/C=C(C)/C=C/C1=C(C)C(=O)CCC1(C)C	QXNWZXMBUKUYMD-QQGJMDNJSA-N	
CHEBI:3362	canthaxanthin	C40H52O2	0	564.83968	InChI=1S/C40H52O2/c1-29(17-13-19-31(3)21-23-35-33(5)37(41)25-27-39(35,7)8)15-11-12-16-30(2)18-14-20-32(4)22-24-36-34(6)38(42)26-28-40(36,9)10/h11-24H,25-28H2,1-10H3/b12-11+,17-13+,18-14+,23-21+,24-22+,29-15+,30-16+,31-19+,32-20+	CC(\C=C\C=C(C)\C=C\C1=C(C)C(=O)CCC1(C)C)=C/C=C/C=C(C)/C=C/C=C(C)/C=C/C1=C(C)C(=O)CCC1(C)C	FDSDTBUPSURDBL-DKLMTRRASA-N	
CHEBI:80217	adonixanthin	C40H54O3	0	582.856	InChI=1S/C40H54O3/c1-28(17-13-19-30(3)21-23-35-32(5)25-34(41)26-39(35,7)8)15-11-12-16-29(2)18-14-20-31(4)22-24-36-33(6)38(43)37(42)27-40(36,9)10/h11-24,34,37,41-42H,25-27H2,1-10H3/b12-11+,17-13+,18-14+,23-21+,24-22+,28-15+,29-16+,30-19+,31-20+/t34-,37+/m1/s1	C=1(C(C[C@@H](C(C1C)=O)O)(C)C)/C=C/C(=C/C=C/C(=C/C=C/C=C(/C=C/C=C(/C=C/C=2C(C[C@@H](CC2C)O)(C)C)\C)\C)/C)/C	YECXHLPYMXGEBI-ZNQVSPAOSA-N	
CHEBI:52026	amorpha-4,11-diene	C15H24	0	204.3511	InChI=1S/C15H24/c1-10(2)13-8-6-12(4)14-7-5-11(3)9-15(13)14/h9,12-15H,1,5-8H2,2-4H3/t12-,13+,14+,15-/m1/s1	[H][C@@]12CCC(C)=C[C@]1([H])[C@@H](CC[C@H]2C)C(C)=C	HMTAHNDPLDKYJT-CBBWQLFWSA-N	
CHEBI:64782	(+)-artemisinate	C15H21O2	-1	233.326	InChI=1S/C15H22O2/c1-9-4-6-12-10(2)5-7-13(14(12)8-9)11(3)15(16)17/h8,10,12-14H,3-7H2,1-2H3,(H,16,17)/p-1/t10-,12+,13+,14+/m1/s1	[H][C@@]12CCC(C)=C[C@]1([H])[C@@H](CC[C@H]2C)C(=C)C([O-])=O	PLQMEXSCSAIXGB-SAXRGWBVSA-M	
CHEBI:50569	isobutyl acetate	C6H12O2	0	116.15828	InChI=1S/C6H12O2/c1-5(2)4-8-6(3)7/h5H,4H2,1-3H3	CC(C)COC(C)=O	GJRQTCIYDGXPES-UHFFFAOYSA-N	
CHEBI:46645	isobutanol	C4H10O	0	74.1216	InChI=1S/C4H10O/c1-4(2)3-5/h4-5H,3H2,1-2H3	CC(C)CO	ZXEKIIBDNHEJCQ-UHFFFAOYSA-N	
CHEBI:15837	isoamylol	C5H12O	0	88.14818	InChI=1S/C5H12O/c1-5(2)3-4-6/h5-6H,3-4H2,1-2H3	CC(C)CCO	PHTQWCKDNZKARW-UHFFFAOYSA-N	
CHEBI:31725	isoamyl acetate	C7H14O2	0	130.18486	InChI=1S/C7H14O2/c1-6(2)4-5-9-7(3)8/h6H,4-5H2,1-3H3	CC(C)CCOC(C)=O	MLFHJEHSLIIPHL-UHFFFAOYSA-N	
CHEBI:57384	malonyl-CoA(5-)	C24H33N7O19P3S	-5	848.541	InChI=1S/C24H38N7O19P3S/c1-24(2,19(37)22(38)27-4-3-13(32)26-5-6-54-15(35)7-14(33)34)9-47-53(44,45)50-52(42,43)46-8-12-18(49-51(39,40)41)17(36)23(48-12)31-11-30-16-20(25)28-10-29-21(16)31/h10-12,17-19,23,36-37H,3-9H2,1-2H3,(H,26,32)(H,27,38)(H,33,34)(H,42,43)(H,44,45)(H2,25,28,29)(H2,39,40,41)/p-5/t12-,17-,18-,19+,23-/m1/s1	CC(C)(COP([O-])(=O)OP([O-])(=O)OC[C@H]1O[C@H]([C@H](O)[C@@H]1OP([O-])([O-])=O)n1cnc2c(N)ncnc12)[C@@H](O)C(=O)NCCC(=O)NCCSC(=O)CC([O-])=O	LTYOQGRJFJAKNA-DVVLENMVSA-I	
CHEBI:17544	hydrogencarbonate	CHO3	-1	61.01684	InChI=1S/CH2O3/c2-1(3)4/h(H2,2,3,4)/p-1	OC([O-])=O	BVKZGUZCCUSVTD-UHFFFAOYSA-M	
CHEBI:78446	O-(S-acetylpantetheine-4'-phosphoryl)serine(1-) residue	C16H27N3O9PS	-1	468.44		CC(=O)SCCNC(=O)CCNC(=O)[C@H](O)C(C)(C)COP([O-])(=O)OC[C@H](N-*)C(-*)=O		acetyl-ACP
CHEBI:78449	O-(S-malonylpantetheine-4'-phosphoryl)serine(2-) residue	C17H26N3O11PS	-2	511.442		CC(C)(COP([O-])(=O)OC[C@H](N-*)C(-*)=O)[C@@H](O)C(=O)NCCC(=O)NCCSC(=O)CC([O-])=O		malonyl-ACP
CHEBI:78776	O-(S-3-oxoacylpantetheine-4'-phosphoryl)-L-serine(1-) residue	C17H26N3O10PSR	-1	495.443		CC(C)(COP([O-])(=O)OC[C@H](N-*)C(-*)=O)[C@@H](O)C(=O)NCCC(=O)NCCSC(=O)CC([*])=O		3-oxoacyl-ACP
CHEBI:78784	O-[S-(2E)-2-enoylpantetheine-4'-phosphoryl]-L-serine(1-) residue	C17H26N3O9PSR	-1	479.444		CC(C)(COP([O-])(=O)OC[C@H](N-*)C(-*)=O)[C@@H](O)C(=O)NCCC(=O)NCCSC(=O)\C=C\[*]		enoyl-ACP
CHEBI:78827	O-[S-(3R)-3-hydroxyacylpantetheine-4'-phosphoryl]serine(1-) residue	C17H28N3O10PSR	-1	497.459		CC(C)(COP([O-])(=O)OC[C@H](N-*)C(-*)=O)[C@@H](O)C(=O)NCCC(=O)NCCSC(=O)C[C@H](O)[*]		(3R)-hydroxyacyl-ACP
CHEBI:78785	O-(S-2,3-saturated acylpantetheine-4'-phosphoryl)serine(1-) residue	C17H28N3O9PSR	-1	481.459		CC(C)(COP([O-])(=O)OC[C@H](N-*)C(-*)=O)[C@@H](O)C(=O)NCCC(=O)NCCSC(=O)CC[*]		acyl-ACP
CHEBI:18153	ethene	C2H4	0	28.05316	InChI=1S/C2H4/c1-2/h1-2H2	C=C	VGGSQFUCUMXWEO-UHFFFAOYSA-N	
CHEBI:17128	adipate(2-)	C6H8O4	-2	144.12532	InChI=1S/C6H10O4/c7-5(8)3-1-2-4-6(9)10/h1-4H2,(H,7,8)(H,9,10)/p-2	[O-]C(=O)CCCCC([O-])=O	WNLRTRBMVRJNCN-UHFFFAOYSA-L	
CHEBI:18322	6-oxohexanoate	C6H9O3	-1	129.13386	InChI=1S/C6H10O3/c7-5-3-1-2-4-6(8)9/h5H,1-4H2,(H,8,9)/p-1	[O-]C(=O)CCCCC=O	PNPPVRALIYXJBW-UHFFFAOYSA-M	
CHEBI:32383	6-hydroxyhexanoate	C6H11O3	-1	131.14974	InChI=1S/C6H12O3/c7-5-3-1-2-4-6(8)9/h7H,1-5H2,(H,8,9)/p-1	OCCCCCC([O-])=O	IWHLYPDWHHPVAA-UHFFFAOYSA-M	
CHEBI:88063	1,2,4-Butanetriol	C4H10O3	0	106.12	InChI=1S/C4H10O3/c5-2-1-4(7)3-6/h4-7H,1-3H2	C(CO)C(CO)O	ARXKVVRQIIOZGF-UHFFFAOYSA-N	
CHEBI:57317	(3S)-3-carboxy-3-hydroxypropanoyl-CoA(5-)	C25H35N7O20P3S	-5	878.567	InChI=1S/C25H40N7O20P3S/c1-25(2,19(37)22(38)28-4-3-14(34)27-5-6-56-15(35)7-12(33)24(39)40)9-49-55(46,47)52-54(44,45)48-8-13-18(51-53(41,42)43)17(36)23(50-13)32-11-31-16-20(26)29-10-30-21(16)32/h10-13,17-19,23,33,36-37H,3-9H2,1-2H3,(H,27,34)(H,28,38)(H,39,40)(H,44,45)(H,46,47)(H2,26,29,30)(H2,41,42,43)/p-5/t12-,13+,17+,18+,19-,23+/m0/s1	CC(C)(COP([O-])(=O)OP([O-])(=O)OC[C@H]1O[C@H]([C@H](O)[C@@H]1OP([O-])([O-])=O)n1cnc2c(N)ncnc12)[C@@H](O)C(=O)NCCC(=O)NCCSC(=O)C[C@H](O)C([O-])=O	HJQWLHMLMCDAEL-ZTGLTYRUSA-I	
CHEBI:MalSA	malate-semialdehyde	C4H5O4	-1	117.09				
CHEBI:DHB	2,4-dihydroxybutyrate	C4H7O4	-1	119.1039	InChI=1S/C4H8O4/c5-2-1-3(6)4(7)8/h3,5-6H,1-2H2...	OCCC(O)C(O)=O	UFYGCFHQAXXBCF-UHFFFAOYSA-N	
CHEBI:DHBCoA	2,4-dihydroxybutyryl-CoA(-5)	C25H38N7O19P3S	-5	865.6				
CHEBI:DHBA	2,4-dihydroxybutyraldehyde	C4H8O3	0	104.1		C(CO)C(C=O)O		
CHEBI:39150	4-oxopentanoate	C5H7O3	-1	115.10728	InChI=1S/C5H8O3/c1-4(6)2-3-5(7)8/h2-3H2,1H3,(H,7,8)/p-1	CC(=O)CCC([O-])=O	JOOXCMJARBKPKM-UHFFFAOYSA-M	
CHEBI:HBA	beta-Hydroxy-gamma-butyrolactone	C4H6O3	0	102.09	InChI=1S/C4H6O3/c5-3-1-4(6)7-2-3/h3,5H,1-2H2	C1C(COC1=O)O	FUDDLSHBRSNCBV-UHFFFAOYSA-N	
CHEBI:28398	butan-2-one	C4H8O	0	72.10572	InChI=1S/C4H8O/c1-3-4(2)5/h3H2,1-2H3	CCC(C)=O	ZWEHNKRNPOVVGH-UHFFFAOYSA-N	
CHEBI:20177	3-oxopentanoate	C5H7O3	-1	115.10728	InChI=1S/C5H8O3/c1-2-4(6)3-5(7)8/h2-3H2,1H3,(H,7,8)/p-1	CCC(=O)CC([O-])=O	FHSUFDYFOHSYHI-UHFFFAOYSA-M	
CHEBI:57392	propionyl-CoA(4-)	C24H36N7O17P3S	-4	819.566	InChI=1S/C24H40N7O17P3S/c1-4-15(33)52-8-7-26-14(32)5-6-27-22(36)19(35)24(2,3)10-45-51(42,43)48-50(40,41)44-9-13-18(47-49(37,38)39)17(34)23(46-13)31-12-30-16-20(25)28-11-29-21(16)31/h11-13,17-19,23,34-35H,4-10H2,1-3H3,(H,26,32)(H,27,36)(H,40,41)(H,42,43)(H2,25,28,29)(H2,37,38,39)/p-4/t13-,17-,18-,19+,23-/m1/s1	CCC(=O)SCCNC(=O)CCNC(=O)[C@H](O)C(C)(C)COP([O-])(=O)OP([O-])(=O)OC[C@H]1O[C@H]([C@H](O)[C@@H]1OP([O-])([O-])=O)n1cnc2c(N)ncnc12	QAQREVBBADEHPA-IEXPHMLFSA-J	
CHEBI:57327	(S)-methylmalonyl-CoA(5-)	C25H35N7O19P3S	-5	862.567	InChI=1S/C25H40N7O19P3S/c1-12(23(37)38)24(39)55-7-6-27-14(33)4-5-28-21(36)18(35)25(2,3)9-48-54(45,46)51-53(43,44)47-8-13-17(50-52(40,41)42)16(34)22(49-13)32-11-31-15-19(26)29-10-30-20(15)32/h10-13,16-18,22,34-35H,4-9H2,1-3H3,(H,27,33)(H,28,36)(H,37,38)(H,43,44)(H,45,46)(H2,26,29,30)(H2,40,41,42)/p-5/t12-,13+,16+,17+,18-,22+/m0/s1	C[C@@H](C([O-])=O)C(=O)SCCNC(=O)CCNC(=O)[C@H](O)C(C)(C)COP([O-])(=O)OP([O-])(=O)OC[C@H]1O[C@H]([C@H](O)[C@@H]1OP([O-])([O-])=O)n1cnc2c(N)ncnc12	MZFOKIKEPGUZEN-IBNUZSNCSA-I	
CHEBI:87755	pentan-3-one	C5H10O	0	86.132	InChI=1S/C5H10O/c1-3-5(6)4-2/h3-4H2,1-2H3	C(CC)(CC)=O	FDPIMTJIUBPUKL-UHFFFAOYSA-N	
CHEBI:16510	3-hydroxypropionate	C3H5O3	-1	89.07	InChI=1S/C3H6O3/c4-2-1-3(5)6/h4H,1-2H2,(H,5,6)/p-1	OCCC([O-])=O	ALRHLSYJTWAHJZ-UHFFFAOYSA-M	
CHEBI:33190	3-oxopropanoate	C3H3O3	-1	87.05412	InChI=1S/C3H4O3/c4-2-1-3(5)6/h2H,1H2,(H,5,6)/p-1	[H]C(=O)CC([O-])=O	OAKURXIZZOAYBC-UHFFFAOYSA-M	
CHEBI:17871	3-hydroxypropanal	C3H6O2	0	74.07854	InChI=1S/C3H6O2/c4-2-1-3-5/h2,5H,1,3H2	[H]C(=O)CCO	AKXKFZDCRYJKTF-UHFFFAOYSA-N	
CHEBI:16109	propane-1,3-diol	C3H8O2	0	76.09442	InChI=1S/C3H8O2/c4-2-1-3-5/h4-5H,1-3H2	OCCCO	YPFDHNVEDLHUCE-UHFFFAOYSA-N	
CHEBI:17754	glycerol	C3H8O3	0	92.09382	InChI=1S/C3H8O3/c4-1-3(6)2-5/h3-6H,1-2H2	OCC(O)CO	PEDCQBHIVMGVHV-UHFFFAOYSA-N	
CHEBI:29991	L-aspartate(1-)	C4H6NO4	-1	132.09478	InChI=1S/C4H7NO4/c5-2(4(8)9)1-3(6)7/h2H,1,5H2,(H,6,7)(H,8,9)/p-1/t2-/m0/s1	[NH3+][C@@H](CC([O-])=O)C([O-])=O	CKLJMWTZIZZHCS-REOHCLBHSA-M	
CHEBI:57966	beta-alanine zwitterion	C3H7NO2	0	89.0932	InChI=1S/C3H7NO2/c4-2-1-3(5)6/h1-2,4H2,(H,5,6)	[NH3+]CCC([O-])=O	UCMIRNVEIXFBKS-UHFFFAOYSA-N	
CHEBI:15792	malonate(2-)	C3H2O4	-2	102.04558	InChI=1S/C3H4O4/c4-2(5)1-3(6)7/h1H2,(H,4,5)(H,6,7)/p-2	[O-]C(=O)CC([O-])=O	OFOBLEOULBTSOW-UHFFFAOYSA-L	
CHEBI:57972	L-alanine zwitterion	C3H7NO2	0	89.0932	InChI=1S/C3H7NO2/c1-2(4)3(5)6/h2H,4H2,1H3,(H,5,6)/t2-/m0/s1	C[C@H]([NH3+])C([O-])=O	QNAYBMKLOCPYGJ-REOHCLBHSA-N	
CHEBI:537519	L-aspartic acid 4-semialdehyde betaine	C4H7NO3	0	117.1033	InChI=1S/C4H7NO3/c5-3(1-2-6)4(7)8/h2-3H,1,5H2,(H,7,8)/t3-/m0/s1	[H]C(=O)C[C@H]([NH3+])C([O-])=O	HOSWPDPVFBCLSY-VKHMYHEASA-N	
CHEBI:57535	4-phosphonato-L-aspartic acid(2-)	C4H6NO7P	-2	211.0667	InChI=1S/C4H8NO7P/c5-2(4(7)8)1-3(6)12-13(9,10)11/h2H,1,5H2,(H,7,8)(H2,9,10,11)/p-2/t2-/m0/s1	[NH3+][C@@H](CC(=O)OP([O-])([O-])=O)C([O-])=O	IXZNKTPIYKDIGG-REOHCLBHSA-L	
CHEBI:57476	L-homoserine zwitterion	C4H9NO3	0	119.1192	InChI=1S/C4H9NO3/c5-3(1-2-6)4(7)8/h3,6H,1-2,5H2,(H,7,8)/t3-/m0/s1	[NH3+][C@@H](CCO)C([O-])=O	UKAUYVFTDYCKQA-VKHMYHEASA-N	
CHEBI:57484	trimethylenediaminium	C3H12N2	2	76.1408	InChI=1S/C3H10N2/c4-2-1-3-5/h1-5H2/p+2	[NH3+]CCC[NH3+]	XFNJVJPLKCPIBV-UHFFFAOYSA-P	
CHEBI:58761	L-2,4-diazaniumylbutyrate	C4H11N2O2	1	119.1423	InChI=1S/C4H10N2O2/c5-2-1-3(6)4(7)8/h3H,1-2,5-6H2,(H,7,8)/p+1/t3-/m0/s1	[NH3+]CC[C@H]([NH3+])C([O-])=O	OGNSCSPNOLGXSM-VKHMYHEASA-O	
CHEBI:57590	O-phosphonato-L-homoserine(2-)	C4H8NO6P	-2	197.0832	InChI=1S/C4H10NO6P/c5-3(4(6)7)1-2-11-12(8,9)10/h3H,1-2,5H2,(H,6,7)(H2,8,9,10)/p-2/t3-/m0/s1	[NH3+][C@@H](CCOP([O-])([O-])=O)C([O-])=O	FXDNYOANAXWZHG-VKHMYHEASA-L	
CHEBI:57926	L-threonine zwitterion	C4H9NO3	0	119.1192	InChI=1S/C4H9NO3/c1-2(6)3(5)4(7)8/h2-3,6H,5H2,1H3,(H,7,8)/t2-,3+/m1/s1	C[C@@H](O)[C@H]([NH3+])C([O-])=O	AYFVYJQAPQTCCC-GBXIJSLDSA-N	
CHEBI:16763	2-oxobutanoate	C4H5O3	-1	101.0807	InChI=1S/C4H6O3/c1-2-3(5)4(6)7/h2H2,1H3,(H,6,7)/p-1	CCC(=O)C([O-])=O	TYEYBOSBBBHJIV-UHFFFAOYSA-M	
CHEBI:28938	ammonium	H4N	1	18.0385	InChI=1S/H3N/h1H3/p+1	[H][N+]([H])([H])[H]	QGZKDVFQNNGYKY-UHFFFAOYSA-O	
CHEBI:LHMA	L-homoalanine	C3H8NO2	0	90				
CHEBI:49256	(S)-2-acetyl-2-hydroxybutanoate	C6H9O4	-1	145.13326	InChI=1S/C6H10O4/c1-3-6(10,4(2)7)5(8)9/h10H,3H2,1-2H3,(H,8,9)/p-1/t6-/m0/s1	CC[C@](O)(C(C)=O)C([O-])=O	VUQLHQFKACOHNZ-LURJTMIESA-M	
CHEBI:49258	(2R,3R)-2,3-dihydroxy-3-methylpentanoate	C6H11O4	-1	147.14914	InChI=1S/C6H12O4/c1-3-6(2,10)4(7)5(8)9/h4,7,10H,3H2,1-2H3,(H,8,9)/p-1/t4-,6+/m0/s1	CC[C@@](C)(O)[C@@H](O)C([O-])=O	PDGXJDXVGMHUIR-UJURSFKZSA-M	
CHEBI:35146	(S)-3-methyl-2-oxovalerate	C6H9O3	-1	129.1339	InChI=1S/C6H10O3/c1-3-4(2)5(7)6(8)9/h4H,3H2,1-2H3,(H,8,9)/p-1/t4-/m0/s1	CC[C@H](C)C(=O)C([O-])=O	JVQYSWDUAOAHFM-BYPYZUCNSA-M	
CHEBI:58045	L-isoleucine zwitterion	C6H13NO2	0	131.1729	InChI=1S/C6H13NO2/c1-3-4(2)5(7)6(8)9/h4-5H,3,7H2,1-2H3,(H,8,9)/t4-,5-/m0/s1	CC[C@H](C)[C@H]([NH3+])C([O-])=O	AGPKZVBTJJNPAG-WHFBIAKZSA-N	
CHEBI:17272	propionate	C3H5O2	-1	73.0706	InChI=1S/C3H6O2/c1-2-3(4)5/h2H2,1H3,(H,4,5)/p-1	CCC([O-])=O	XBDQKXXYIPTUBI-UHFFFAOYSA-M	
CHEBI:28831	propan-1-ol	C3H8O	0	60.095	InChI=1S/C3H8O/c1-2-3-4/h4H,2-3H2,1H3	CCCO	BDERNNFJNOPAEC-UHFFFAOYSA-N	
CHEBI:17153	propanal	C3H6O	0	58.0791	InChI=1S/C3H6O/c1-2-3-4/h3H,2H2,1H3	[H]C(=O)CC	NBBJYMSMWIIQGU-UHFFFAOYSA-N	
CHEBI:58933	propanoyl phosphate(2-)	C3H5O5P	-2	152.0426	InChI=1S/C3H7O5P/c1-2-3(4)8-9(5,6)7/h2H2,1H3,(H2,5,6,7)/p-2	CCC(=O)OP([O-])([O-])=O	FMNMEQSRDWIBFO-UHFFFAOYSA-L	
CHEBI:19753	2-oxopentanoate	C5H7O3	-1	115.10728	InChI=1S/C5H8O3/c1-2-3-4(6)5(7)8/h2-3H2,1H3,(H,7,8)/p-1	CCCC(=O)C([O-])=O	KDVFRMMRZOCFLS-UHFFFAOYSA-M	
CHEBI:15743	butanal	C4H8O	0	72.10572	InChI=1S/C4H8O/c1-2-3-4-5/h4H,2-3H2,1H3	[H]C(=O)CCC	ZTQSAGDEMFDKMZ-UHFFFAOYSA-N	
CHEBI:87381	3-methylpentanol	C6H14O	0	102.1748	InChI=1S/C6H14O/c1-3-6(2)4-5-7/h6-7H,3-5H2,1-2H3	CCC(C)CCO	IWTBVKIGCDZRPL-UHFFFAOYSA-N	
CHEBI:48945	2-methylbutan-1-ol	C5H12O	0	88.14818	InChI=1S/C5H12O/c1-3-5(2)4-6/h5-6H,3-4H2,1-2H3	CCC(C)CO	QPRQEDXDYOZYLA-UHFFFAOYSA-N	
CHEBI:57844	L-methionine zwitterion	C5H11NO2S	0	149.211	InChI=1S/C5H11NO2S/c1-9-3-2-4(6)5(7)8/h4H,2-3,6H2,1H3,(H,7,8)/t4-/m0/s1	CSCC[C@H]([NH3+])C([O-])=O	FFEARJCKVFRZRR-BYPYZUCNSA-N	
CHEBI:59789	S-adenosyl-L-methionine zwitterion	C15H23N6O5S	1	399.445	InChI=1S/C15H22N6O5S/c1-27(3-2-7(16)15(24)25)4-8-10(22)11(23)14(26-8)21-6-20-9-12(17)18-5-19-13(9)21/h5-8,10-11,14,22-23H,2-4,16H2,1H3,(H2-,17,18,19,24,25)/p+1/t7-,8+,10+,11+,14+,27?/m0/s1	C[S+](CC[C@H]([NH3+])C([O-])=O)C[C@H]1O[C@H]([C@H](O)[C@@H]1O)n1cnc2c(N)ncnc12	MEFKEPWMEQBLKI-AIRLBKTGSA-O	
CHEBI:17509	5'-S-methyl-5'-thioadenosine	C11H15N5O3S	0	297.3347	InChI=1S/C11H15N5O3S/c1-20-2-5-7(17)8(18)11(19-5)16-4-15-6-9(12)13-3-14-10(6)16/h3-5,7-8,11,17-18H,2H2,1H3,(H2,12,13,14)/t5-,7-,8-,11-/m1/s1	CSC[C@H]1O[C@H]([C@H](O)[C@@H]1O)n1cnc2c(N)ncnc12	WUUGFSXJNOTRMR-IOSLPCCCSA-N	
CHEBI:58360	1-aminocyclopropanecarboxylic acid zwitterion	C4H7NO2	0	101.1039	InChI=1S/C4H7NO2/c5-4(1-2-4)3(6)7/h1-2,5H2,(H,6,7)	[NH3+]C1(CC1)C([O-])=O	PAJPWUMXBYXFCZ-UHFFFAOYSA-N	
CHEBI:18407	hydrogen cyanide	CHN	0	27.0253	InChI=1S/CHN/c1-2/h1H	C#N	LELOWRISYMNNSU-UHFFFAOYSA-N	
CHEBI:58539	L-dehydroascorbate	C6H5O6	-1	173.1003	InChI=1S/C6H5O6/c7-1-2(8)5-3(9)4(10)6(11)12-5/h2,7-8H,1H2/q-1/t2-/m0/s1	OC[C@H](O)[C-]1OC(=O)C(=O)C1=O	OESHPIGALOBJLM-REOHCLBHSA-N	
CHEBI:38290	L-ascorbate	C6H7O6	-1	175.11618	InChI=1S/C6H8O6/c7-1-2(8)5-3(9)4(10)6(11)12-5/h2,5,7-10H,1H2/p-1/t2-,5+/m0/s1	[H][C@@]1(OC(=O)C(O)=C1[O-])[C@@H](O)CO	CIWBSHSKHKDKBQ-JLAZNSOCSA-M	
CHEBI:32551	L-lysinium(1+)	C6H15N2O2	1	147.19558	InChI=1S/C6H14N2O2/c7-4-2-1-3-5(8)6(9)10/h5H,1-4,7-8H2,(H,9,10)/p+1/t5-/m0/s1	[NH3+]CCCC[C@H]([NH3+])C([O-])=O	KDXKERNSBIXSRK-YFKPBYRVSA-O	
CHEBI:58384	cadaverine(2+)	C5H16N2	2	104.194	InChI=1S/C5H14N2/c6-4-2-1-3-5-7/h1-7H2/p+2	C(CC[NH3+])CC[NH3+]	VHRGRCVQAFMJIZ-UHFFFAOYSA-P	
CHEBI:57345	isovaleryl-CoA(4-)	C26H40N7O17P3S	-4	847.619	InChI=1S/C26H44N7O17P3S/c1-14(2)9-17(35)54-8-7-28-16(34)5-6-29-24(38)21(37)26(3,4)11-47-53(44,45)50-52(42,43)46-10-15-20(49-51(39,40)41)19(36)25(48-15)33-13-32-18-22(27)30-12-31-23(18)33/h12-15,19-21,25,36-37H,5-11H2,1-4H3,(H,28,34)(H,29,38)(H,42,43)(H,44,45)(H2,27,30,31)(H2,39,40,41)/p-4/t15-,19-,20-,21+,25-/m1/s1	CC(C)CC(=O)SCCNC(=O)CCNC(=O)[C@H](O)C(C)(C)COP([O-])(=O)OP([O-])(=O)OC[C@H]1O[C@H]([C@H](O)[C@@H]1OP([O-])([O-])=O)n1cnc2c(N)ncnc12	UYVZIWWBJMYRCD-ZMHDXICWSA-J	
CHEBI:17865	4-methyl-2-oxopentanoate	C6H9O3	-1	129.13386	InChI=1S/C6H10O3/c1-4(2)3-5(7)6(8)9/h4H,3H2,1-2H3,(H,8,9)/p-1	CC(C)CC(=O)C([O-])=O	BKAJNAXTPSGJCU-UHFFFAOYSA-M	
CHEBI:89209	Ethyl isobutyl ketone	C7H14O	0	114.186	InChI=1S/C7H14O/c1-4-7(8)5-6(2)3/h6H,4-5H2,1-3H3	O=C(CC(C)C)CC	DXVYLFHTJZWTRF-UHFFFAOYSA-N	
CHEBI:57335	2-methylacetoacetyl-CoA(4-)	C26H38N7O18P3S	-4	861.602	InChI=1S/C26H42N7O18P3S/c1-13(14(2)34)25(39)55-8-7-28-16(35)5-6-29-23(38)20(37)26(3,4)10-48-54(45,46)51-53(43,44)47-9-15-19(50-52(40,41)42)18(36)24(49-15)33-12-32-17-21(27)30-11-31-22(17)33/h11-13,15,18-20,24,36-37H,5-10H2,1-4H3,(H,28,35)(H,29,38)(H,43,44)(H,45,46)(H2,27,30,31)(H2,40,41,42)/p-4/t13?,15-,18-,19-,20+,24-/m1/s1	CC(C(C)=O)C(=O)SCCNC(=O)CCNC(=O)[C@H](O)C(C)(C)COP([O-])(=O)OP([O-])(=O)OC[C@H]1O[C@H]([C@H](O)[C@@H]1OP([O-])([O-])=O)n1cnc2c(N)ncnc12	NHNODHRSCRALBF-NQNBQJKNSA-J	
CHEBI:57312	(2S,3S)-3-hydroxy-2-methylbutanoyl-CoA(4-)	C26H40N7O18P3S	-4	863.62	InChI=1S/C26H44N7O18P3S/c1-13(14(2)34)25(39)55-8-7-28-16(35)5-6-29-23(38)20(37)26(3,4)10-48-54(45,46)51-53(43,44)47-9-15-19(50-52(40,41)42)18(36)24(49-15)33-12-32-17-21(27)30-11-31-22(17)33/h11-15,18-20,24,34,36-37H,5-10H2,1-4H3,(H,28,35)(H,29,38)(H,43,44)(H,45,46)(H2,27,30,31)(H2,40,41,42)/p-4/t13-,14-,15+,18+,19+,20-,24+/m0/s1	[C@@H]1(N2C3=C(C(=NC=N3)N)N=C2)O[C@H](COP(OP(OCC(C)([C@H](C(NCCC(NCCSC(=O)[C@H]([C@H](C)O)C)=O)=O)O)C)(=O)[O-])(=O)[O-])[C@H]([C@H]1O)OP([O-])([O-])=O	PEKYNTFSOBAABV-LQUDNSJZSA-J	
CHEBI:57337	2-methylcrotonoyl-CoA(4-)	C26H38N7O17P3S	-4	845.603	InChI=1S/C26H42N7O17P3S/c1-5-14(2)25(38)54-9-8-28-16(34)6-7-29-23(37)20(36)26(3,4)11-47-53(44,45)50-52(42,43)46-10-15-19(49-51(39,40)41)18(35)24(48-15)33-13-32-17-21(27)30-12-31-22(17)33/h5,12-13,15,18-20,24,35-36H,6-11H2,1-4H3,(H,28,34)(H,29,37)(H,42,43)(H,44,45)(H2,27,30,31)(H2,39,40,41)/p-4/b14-5+/t15-,18-,19-,20+,24-/m1/s1	C\C=C(/C)C(=O)SCCNC(=O)CCNC(=O)[C@H](O)C(C)(C)COP([O-])(=O)OP([O-])(=O)OC[C@H]1O[C@H]([C@H](O)[C@@H]1OP([O-])([O-])=O)n1cnc2c(N)ncnc12	PMWATMXOQQZNBX-DKBZLLMOSA-J	
CHEBI:86160	(2E)-pentenoyl-CoA(4-)	C26H38N7O17P3S	-4	845.605	InChI=1S/C26H42N7O17P3S/c1-4-5-6-17(35)54-10-9-28-16(34)7-8-29-24(38)21(37)26(2,3)12-47-53(44,45)50-52(42,43)46-11-15-20(49-51(39,40)41)19(36)25(48-15)33-14-32-18-22(27)30-13-31-23(18)33/h5-6,13-15,19-21,25,36-37H,4,7-12H2,1-3H3,(H,28,34)(H,29,38)(H,42,43)(H,44,45)(H2,27,30,31)(H2,39,40,41)/p-4/b6-5+/t15-,19-,20-,21+,25-/m1/s1	CC\C=C\C(=O)SCCNC(=O)CCNC(=O)[C@H](O)C(C)(C)COP([O-])(=O)OP([O-])(=O)OC[C@H]1O[C@H]([C@H](O)[C@@H]1OP([O-])([O-])=O)n1cnc2c(N)ncnc12	GJSFKOVNQYGUGN-JQVZGLFNSA-J	
CHEBI:57389	pentanoyl-CoA(4-)	C26H40N7O17P3S	-4	847.619	InChI=1S/C26H44N7O17P3S/c1-4-5-6-17(35)54-10-9-28-16(34)7-8-29-24(38)21(37)26(2,3)12-47-53(44,45)50-52(42,43)46-11-15-20(49-51(39,40)41)19(36)25(48-15)33-14-32-18-22(27)30-13-31-23(18)33/h13-15,19-21,25,36-37H,4-12H2,1-3H3,(H,28,34)(H,29,38)(H,42,43)(H,44,45)(H2,27,30,31)(H2,39,40,41)/p-4/t15-,19-,20-,21+,25-/m1/s1	CCCCC(=O)SCCNC(=O)CCNC(=O)[C@H](O)C(C)(C)COP([O-])(=O)OP([O-])(=O)OC[C@H]1O[C@H]([C@H](O)[C@@H]1OP([O-])([O-])=O)n1cnc2c(N)ncnc12	RXUATCUKICAIOA-ZMHDXICWSA-J	
CHEBI:138587	(R)-3-hydroxypentanoyl-CoA(4-)	C26H40N7O18P3S	-4	863.62	InChI=1S/C26H44N7O18P3S/c1-4-14(34)9-17(36)55-8-7-28-16(35)5-6-29-24(39)21(38)26(2,3)11-48-54(45,46)51-53(43,44)47-10-15-20(50-52(40,41)42)19(37)25(49-15)33-13-32-18-22(27)30-12-31-23(18)33/h12-15,19-21,25,34,37-38H,4-11H2,1-3H3,(H,28,35)(H,29,39)(H,43,44)(H,45,46)(H2,27,30,31)(H2,40,41,42)/p-4/t14-,15-,19-,20-,21+,25-/m1/s1	[C@@H]1(N2C3=C(C(=NC=N3)N)N=C2)O[C@H](COP(OP(OCC(C)([C@H](C(NCCC(NCCSC(C[C@@H](CC)O)=O)=O)=O)O)C)(=O)[O-])(=O)[O-])[C@H]([C@H]1O)OP([O-])([O-])=O	YYGYPCRWZMLSGK-MXYRDGFCSA-J	
CHEBI:31011	valerate	C5H9O2	-1	101.12376	InChI=1S/C5H10O2/c1-2-3-4-5(6)7/h2-4H2,1H3,(H,6,7)/p-1	CCCCC([O-])=O	NQPDZGIKBAWPEJ-UHFFFAOYSA-M	
CHEBI:78811	heptanoyl-CoA(4-)	C28H44N7O17P3S	-4	875.674	InChI=1S/C28H48N7O17P3S/c1-4-5-6-7-8-19(37)56-12-11-30-18(36)9-10-31-26(40)23(39)28(2,3)14-49-55(46,47)52-54(44,45)48-13-17-22(51-53(41,42)43)21(38)27(50-17)35-16-34-20-24(29)32-15-33-25(20)35/h15-17,21-23,27,38-39H,4-14H2,1-3H3,(H,30,36)(H,31,40)(H,44,45)(H,46,47)(H2,29,32,33)(H2,41,42,43)/p-4/t17-,21-,22-,23+,27-/m1/s1	CCCCCCC(=O)SCCNC(=O)CCNC(=O)[C@H](O)C(C)(C)COP([O-])(=O)OP([O-])(=O)OC[C@H]1O[C@H]([C@H](O)[C@@H]1OP([O-])([O-])=O)n1cnc2c(N)ncnc12	CHVYGJMBUXUTSX-SVHODSNWSA-J	
CHEBI:32362	heptanoate	C7H13O2	-1	129.17692	InChI=1S/C7H14O2/c1-2-3-4-5-6-7(8)9/h2-6H2,1H3,(H,8,9)/p-1	CCCCCCC([O-])=O	MNWFXJYAOYHMED-UHFFFAOYSA-M	
CHEBI:57336	2-methylbutanoyl-CoA(4-)	C26H40N7O17P3S	-4	847.619	InChI=1S/C26H44N7O17P3S/c1-5-14(2)25(38)54-9-8-28-16(34)6-7-29-23(37)20(36)26(3,4)11-47-53(44,45)50-52(42,43)46-10-15-19(49-51(39,40)41)18(35)24(48-15)33-13-32-17-21(27)30-12-31-22(17)33/h12-15,18-20,24,35-36H,5-11H2,1-4H3,(H,28,34)(H,29,37)(H,42,43)(H,44,45)(H2,27,30,31)(H2,39,40,41)/p-4/t14?,15-,18-,19-,20+,24-/m1/s1	CCC(C)C(=O)SCCNC(=O)CCNC(=O)[C@H](O)C(C)(C)COP([O-])(=O)OP([O-])(=O)OC[C@H]1O[C@H]([C@H](O)[C@@H]1OP([O-])([O-])=O)n1cnc2c(N)ncnc12	LYNVNYDEQMMNMZ-XGXNYEOVSA-J	
CHEBI:48946	2-methylbutyrate	C5H9O2	-1	101.12376	InChI=1S/C5H10O2/c1-3-4(2)5(6)7/h4H,3H2,1-2H3,(H,6,7)/p-1	CCC(C)C([O-])=O	WLAMNBDJUVNPJU-UHFFFAOYSA-M	
CHEBI:TIGLATE	tiglate	C5H7O2	-1	99.109	InChI=1S/C5H8O2/c1-3-4(2)5(6)7/h3H,1-2H3,(H,6,7)/p-1/b4-3+	CC=C(C)C(=O)[O-]	UIERETOOQGIECD-ONEGZZNKSA-M	
CHEBI:MP2TN	2-methylpentanoate	C6H11O2	-1	115.15	InChI=1S/C6H12O2/c1-3-4-5(2)6(7)8/h5H,3-4H2,1-2H3,(H,7,8)/p-1	CCCC(C)C(=O)[O-]	OVBFMEVBMNZIBR-UHFFFAOYSA-M	
CHEBI:M2P2TEN	(E)-2-methyl-2-pentenoate	C6H9O2	-1	113.135				
CHEBI:57338	isobutyryl-CoA(4-)	C25H38N7O17P3S	-4	833.592	InChI=1S/C25H42N7O17P3S/c1-13(2)24(37)53-8-7-27-15(33)5-6-28-22(36)19(35)25(3,4)10-46-52(43,44)49-51(41,42)45-9-14-18(48-50(38,39)40)17(34)23(47-14)32-12-31-16-20(26)29-11-30-21(16)32/h11-14,17-19,23,34-35H,5-10H2,1-4H3,(H,27,33)(H,28,36)(H,41,42)(H,43,44)(H2,26,29,30)(H2,38,39,40)/p-4/t14-,17-,18-,19+,23-/m1/s1	CC(C)C(=O)SCCNC(=O)CCNC(=O)[C@H](O)C(C)(C)COP([O-])(=O)OP([O-])(=O)OC[C@H]1O[C@H]([C@H](O)[C@@H]1OP([O-])([O-])=O)n1cnc2c(N)ncnc12	AEWHYWSPVRZHCT-NDZSKPAWSA-J	
CHEBI:74904	isocaproate	C6H11O2	-1	115.1503	InChI=1S/C6H12O2/c1-5(2)3-4-6(7)8/h5H,3-4H2,1-2H3,(H,7,8)/p-1	CC(C)CCC([O-])=O	FGKJLKRYENPLQH-UHFFFAOYSA-M	
CHEBI:58476	(2S)-2-hydroxy-2-methyl-3-oxobutanoate	C5H7O4	-1	131.1067	InChI=1S/C5H8O4/c1-3(6)5(2,9)4(7)8/h9H,1-2H3,(H,7,8)/p-1/t5-/m0/s1	CC(=O)[C@](C)(O)C([O-])=O	NMDWGEGFJUBKLB-YFKPBYRVSA-M	
CHEBI:11851	3-methyl-2-oxobutanoate	C5H7O3	-1	115.1073	InChI=1S/C5H8O3/c1-3(2)4(6)5(7)8/h3H,1-2H3,(H,7,8)/p-1	CC(C)C(=O)C([O-])=O	QHKABHOOEWYVLI-UHFFFAOYSA-M	
CHEBI:49072	(R)-2,3-dihydroxy-3-methylbutanoate	C5H9O4	-1	133.12256	InChI=1S/C5H10O4/c1-5(2,9)3(6)4(7)8/h3,6,9H,1-2H3,(H,7,8)/p-1/t3-/m0/s1	CC(C)(O)[C@@H](O)C([O-])=O	JTEYKUFKXGDTEU-VKHMYHEASA-M	
CHEBI:37808	butane	C4H10	0	58.1222	InChI=1S/C4H10/c1-3-4-2/h3-4H2,1-2H3	CCCC	IJDNQMDRQITEOD-UHFFFAOYSA-N	
CHEBI:84069	pentanal	C5H10O	0	86.1323	InChI=1S/C5H10O/c1-2-3-4-5-6/h5H,2-4H2,1H3	CCCCC=O	HGBOYTHUEUWSSQ-UHFFFAOYSA-N	
CHEBI:57434	(3S)-3,6-diammoniohexanoate	C6H15N2O2	1	147.1955	InChI=1S/C6H14N2O2/c7-3-1-2-5(8)4-6(9)10/h5H,1-4,7-8H2,(H,9,10)/p+1/t5-/m0/s1	[NH3+]CCC[C@H]([NH3+])CC([O-])=O	QKEWQOJCHPFEAF-YFKPBYRVSA-O	
CHEBI:58113	L-2-ammoniohexano-6-lactam	C6H13N2O	1	129.1802	InChI=1S/C6H12N2O/c7-5-3-1-2-4-8-6(5)9/h5H,1-4,7H2,(H,8,9)/p+1/t5-/m0/s1	[NH3+][C@H]1CCCCNC1=O	BOWUOGIPSRVRSJ-YFKPBYRVSA-O	
CHEBI:58672	L-2-aminoadipate(1-)	C6H10NO4	-1	160.1479	InChI=1S/C6H11NO4/c7-4(6(10)11)2-1-3-5(8)9/h4H,1-3,7H2,(H,8,9)(H,10,11)/p-1/t4-/m0/s1	[NH3+][C@@H](CCCC([O-])=O)C([O-])=O	OYIFNHCXNCRBQI-BYPYZUCNSA-M	
CHEBI:32557	D-lysinium(1+)	C6H15N2O2	1	147.19558	InChI=1S/C6H14N2O2/c7-4-2-1-3-5(8)6(9)10/h5H,1-4,7-8H2,(H,9,10)/p+1/t5-/m1/s1	[NH3+]CCCC[C@@H]([NH3+])C([O-])=O	KDXKERNSBIXSRK-RXMQYKEDSA-O	
CHEBI:58183	6-amino-2-oxohexanoic acid zwitterion	C6H11NO3	0	145.1564	InChI=1S/C6H11NO3/c7-4-2-1-3-5(8)6(9)10/h1-4,7H2,(H,9,10)	[NH3+]CCCCC(=O)C([O-])=O	GWENQMVPLJAMAE-UHFFFAOYSA-N	
CHEBI:77631	1-piperideine-2-carboxylic acid zwitterion	C6H9NO2	0	127.1412	InChI=1S/C6H9NO2/c8-6(9)5-3-1-2-4-7-5/h1-4H2,(H,8,9)	[O-]C(=O)C1=[NH+]CCCC1	GEJXSVNGWOSZPC-UHFFFAOYSA-N	
CHEBI:61185	L-pipecolic acid zwitterion	C6H11NO2	0	129.157	InChI=1S/C6H11NO2/c8-6(9)5-3-1-2-4-7-5/h5,7H,1-4H2,(H,8,9)/t5-/m0/s1	[H][C@]1(CCCC[NH2+]1)C([O-])=O	HXEACLLIILLPRG-YFKPBYRVSA-N	
CHEBI:58769	(S)-1-piperideine-6-carboxylate	C6H8NO2	-1	126.1332	InChI=1S/C6H9NO2/c8-6(9)5-3-1-2-4-7-5/h4-5H,1-3H2,(H,8,9)/p-1/t5-/m0/s1	[H][C@]1(CCCC=N1)C([O-])=O	CSDPVAKVEWETFG-YFKPBYRVSA-M	
CHEBI:58321	L-allysine zwitterion	C6H11NO3	0	145.1564	InChI=1S/C6H11NO3/c7-5(6(9)10)3-1-2-4-8/h4-5H,1-3,7H2,(H,9,10)/t5-/m0/s1	[H]C(=O)CCC[C@H]([NH3+])C([O-])=O	GFXYTQPNNXGICT-YFKPBYRVSA-N	
CHEBI:356010	5-aminopentanoic acid zwitterion	C5H11NO2	0	117.1463	InChI=1S/C5H11NO2/c6-4-2-1-3-5(7)8/h1-4,6H2,(H,7,8)	[NH3+]CCCCC([O-])=O	JJMDCOVWQOJGCB-UHFFFAOYSA-N	
CHEBI:58382	5-ammoniopentanamide	C5H13N2O	1	117.1695	InChI=1S/C5H12N2O/c6-4-2-1-3-5(7)8/h1-4,6H2,(H2,7,8)/p+1	NC(=O)CCCC[NH3+]	OTIAVLWNTIXJDO-UHFFFAOYSA-O	
CHEBI:16120	5-oxopentanoate	C5H7O3	-1	115.10728	InChI=1S/C5H8O3/c6-4-2-1-3-5(7)8/h4H,1-3H2,(H,7,8)/p-1	[H]C(=O)CCCC([O-])=O	VBKPPDYGFUZOAJ-UHFFFAOYSA-M	
CHEBI:30921	glutarate(2-)	C5H6O4	-2	130.09874	InChI=1S/C5H8O4/c6-4(7)2-1-3-5(8)9/h1-3H2,(H,6,7)(H,8,9)/p-2	[O-]C(=O)CCCC([O-])=O	JFCQEDHGNNZCLN-UHFFFAOYSA-L	
CHEBI:APENTCOA	5-aminopentanoyl-CoA	C26H42N8O17P3S	-3	863.64128				
CHEBI:77761	piperidin-2-one	C5H9NO	0	99.1311	InChI=1S/C5H9NO/c7-5-3-1-2-4-6-5/h1-4H2,(H,6,7)	O=C1CCCCN1	XUWHAWMETYGRKB-UHFFFAOYSA-N	
CHEBI:57326	(R)-methylmalonyl-CoA(5-)	C25H35N7O19P3S	-5	862.567	InChI=1S/C25H40N7O19P3S/c1-12(23(37)38)24(39)55-7-6-27-14(33)4-5-28-21(36)18(35)25(2,3)9-48-54(45,46)51-53(43,44)47-8-13-17(50-52(40,41)42)16(34)22(49-13)32-11-31-15-19(26)29-10-30-20(15)32/h10-13,16-18,22,34-35H,4-9H2,1-3H3,(H,27,33)(H,28,36)(H,37,38)(H,43,44)(H,45,46)(H2,26,29,30)(H2,40,41,42)/p-5/t12-,13-,16-,17-,18+,22-/m1/s1	C[C@H](C([O-])=O)C(=O)SCCNC(=O)CCNC(=O)[C@H](O)C(C)(C)COP([O-])(=O)OP([O-])(=O)OC[C@H]1O[C@H]([C@H](O)[C@@H]1OP([O-])([O-])=O)n1cnc2c(N)ncnc12	MZFOKIKEPGUZEN-AGCMQPJKSA-I	
CHEBI:57378	glutaryl-CoA(5-)	C26H37N7O19P3S	-5	876.594	InChI=1S/C26H42N7O19P3S/c1-26(2,21(39)24(40)29-7-6-15(34)28-8-9-56-17(37)5-3-4-16(35)36)11-49-55(46,47)52-54(44,45)48-10-14-20(51-53(41,42)43)19(38)25(50-14)33-13-32-18-22(27)30-12-31-23(18)33/h12-14,19-21,25,38-39H,3-11H2,1-2H3,(H,28,34)(H,29,40)(H,35,36)(H,44,45)(H,46,47)(H2,27,30,31)(H2,41,42,43)/p-5/t14-,19-,20-,21+,25-/m1/s1	CC(C)(COP([O-])(=O)OP([O-])(=O)OC[C@H]1O[C@H]([C@H](O)[C@@H]1OP([O-])([O-])=O)n1cnc2c(N)ncnc12)[C@@H](O)C(=O)NCCC(=O)NCCSC(=O)CCCC([O-])=O	SYKWLIJQEHRDNH-CKRMAKSASA-I	
CHEBI:76282	suberate(2-)	C8H12O4	-2	172.1785	InChI=1S/C8H14O4/c9-7(10)5-3-1-2-4-6-8(11)12/h1-6H2,(H,9,10)(H,11,12)/p-2	[O-]C(=O)CCCCCCC([O-])=O	TYFQFVWCELRYAO-UHFFFAOYSA-L	
CHEBI:76283	sebacate(2-)	C10H16O4	-2	200.2316	InChI=1S/C10H18O4/c11-9(12)7-5-3-1-2-4-6-8-10(13)14/h1-8H2,(H,11,12)(H,13,14)/p-2	[O-]C(=O)CCCCCCCCC([O-])=O	CXMXRPHRNRROMY-UHFFFAOYSA-L	
CHEBI:36165	pimelate(2-)	C7H10O4	-2	158.1519	InChI=1S/C7H12O4/c8-6(9)4-2-1-3-5-7(10)11/h1-5H2,(H,8,9)(H,10,11)/p-2	[O-]C(=O)CCCCCC([O-])=O	WLJVNTCWHIRURA-UHFFFAOYSA-L	
CHEBI:79112	7-hydroxyheptanoic acid	C7H14O3	0	146.1843	InChI=1S/C7H14O3/c8-6-4-2-1-3-5-7(9)10/h8H,1-6...	OCCCCCCC(O)=O	PNAJBOZYCFSQDJ-UHFFFAOYSA-N	
CHEBI:DHB23	2,3-Dihydroxybutanoate(-1)	C4H7O4	-1	119.1		CC(C(C(=O)[O-])O)O		
CHEBI:1178	(2S)-2-isopropylmalate(2-)	C7H10O5	-2	174.152	InChI=1S/C7H12O5/c1-4(2)7(12,6(10)11)3-5(8)9/h4,12H,3H2,1-2H3,(H,8,9)(H,10,11)/p-2/t7-/m0/s1	C(C(=O)[O-])[C@](C(=O)[O-])(O)C(C)C	BITYXLXUCSKTJS-ZETCQYMHSA-L	
CHEBI:58085	2-isopropylmaleate(2-)	C7H8O4	-2	156.136	InChI=1S/C7H10O4/c1-4(2)5(7(10)11)3-6(8)9/h3-4H,1-2H3,(H,8,9)(H,10,11)/p-2/b5-3-	CC(C)C(\C([O-])=O)=C\C([O-])=O	NJMGRJLQRLFQQX-HYXAFXHYSA-L	
CHEBI:35121	(2R,3S)-3-isopropylmalate(2-)	C7H10O5	-2	174.1513	InChI=1S/C7H12O5/c1-3(2)4(6(9)10)5(8)7(11)12/h3-5,8H,1-2H3,(H,9,10)(H,11,12)/p-2/t4-,5+/m0/s1	CC(C)[C@@H]([C@@H](O)C([O-])=O)C([O-])=O	RNQHMTFBUSSBJQ-CRCLSJGQSA-L	
CHEBI:17214	(2S)-2-isopropyl-3-oxosuccinate(2-)	C7H8O5	-2	172.13542	InChI=1S/C7H10O5/c1-3(2)4(6(9)10)5(8)7(11)12/h3-4H,1-2H3,(H,9,10)(H,11,12)/p-2/t4-/m0/s1	CC(C)[C@H](C([O-])=O)C(=O)C([O-])=O	HIIZAGQWABAMRR-BYPYZUCNSA-L	
CHEBI:57427	L-leucine zwitterion	C6H13NO2	0	131.1729	InChI=1S/C6H13NO2/c1-4(2)3-5(7)6(8)9/h4-5H,3,7H2,1-2H3,(H,8,9)/t5-/m0/s1	CC(C)C[C@H]([NH3+])C([O-])=O	ROHFNLRQFUQHCH-YFKPBYRVSA-N	
CHEBI:57762	L-valine zwitterion	C5H11NO2	0	117.1463	InChI=1S/C5H11NO2/c1-3(2)4(6)5(7)8/h3-4H,6H2,1-2H3,(H,7,8)/t4-/m0/s1	CC(C)[C@H]([NH3+])C([O-])=O	KZSNJWFQEVHDMF-BYPYZUCNSA-N	
CHEBI:82957	3-hydroxyisovalerate	C5H9O3	-1	117.1237	InChI=1S/C5H10O3/c1-5(2,8)3-4(6)7/h8H,3H2,1-2H3,(H,6,7)/p-1	CC(C)(O)CC([O-])=O	AXFYFNCPONWUHW-UHFFFAOYSA-M	
CHEBI:48943	isobutyraldehyde	C4H8O	0	72.10572	InChI=1S/C4H8O/c1-4(2)3-5/h3-4H,1-2H3	[H]C(=O)C(C)C	AMIMRNSIRUDHCM-UHFFFAOYSA-N	
CHEBI:16638	3-methylbutanal	C5H10O	0	86.1323	InChI=1S/C5H10O/c1-5(2)3-4-6/h4-5H,3H2,1-2H3	CC(C)CC=O	YGHRJJRRZDOVPD-UHFFFAOYSA-N	
CHEBI:48942	isovalerate	C5H9O2	-1	101.12376	InChI=1S/C5H10O2/c1-4(2)3-5(6)7/h4H,3H2,1-2H3,(H,6,7)/p-1	CC(C)CC([O-])=O	GWYFCOCPABKNJV-UHFFFAOYSA-M	
CHEBI:63910	4-methylpentan-1-ol	C6H14O	0	102.1748	InChI=1S/C6H14O/c1-6(2)4-3-5-7/h6-7H,3-5H2,1-2H3	CC(C)CCCO	PCWGTDULNUVNBN-UHFFFAOYSA-N	
CHEBI:17998	4-methylpentanal	C6H12O	0	100.159	InChI=1S/C6H12O/c1-6(2)4-3-5-7/h5-6H,3-4H2,1-2H3	C(C(C)C)CC=O	JGEGJYXHCFUMJF-UHFFFAOYSA-N	
CHEBI:5M2OPT	5-methyl-2-oxopentanoate	C7H11O3	-1	143.16				
CHEBI:15686	(R)-acetoin	C4H8O2	0	88.10512	InChI=1S/C4H8O2/c1-3(5)4(2)6/h3,5H,1-2H3/t3-/m1/s1	C[C@@H](O)C(C)=O	ROWKJAVDOGWPAT-GSVOUGTGSA-N	
CHEBI:15687	(S)-acetoin	C4H8O2	0	88.10512	InChI=1S/C4H8O2/c1-3(5)4(2)6/h3,5H,1-2H3/t3-/m0/s1	C[C@H](O)C(C)=O	ROWKJAVDOGWPAT-VKHMYHEASA-N	
CHEBI:18120	5-aminopentanamide	C5H12N2O	0	116.16166	InChI=1S/C5H12N2O/c6-4-2-1-3-5(7)8/h1-4,6H2,(H2,7,8)	NCCCCC(N)=O	OTIAVLWNTIXJDO-UHFFFAOYSA-N	
CHEBI:57642	glycerone phosphate(2-)	C3H5O6P	-2	168.042	InChI=1S/C3H7O6P/c4-1-3(5)2-9-10(6,7)8/h4H,1-2H2,(H2,6,7,8)/p-2	C(CO)(COP([O-])(=O)[O-])=O	GNGACRATGGDKBX-UHFFFAOYSA-L	
CHEBI:59776	D-glyceraldehyde 3-phosphate(2-)	C3H5O6P	-2	168.042	InChI=1S/C3H7O6P/c4-1-3(5)2-9-10(6,7)8/h1,3,5H,2H2,(H2,6,7,8)/p-2/t3-/m0/s1	[H]C(=O)[C@H](O)COP([O-])([O-])=O	LXJXRIRHZLFYRP-VKHMYHEASA-L	
CHEBI:16812	(S,S)-butane-2,3-diol	C4H10O2	0	90.121	InChI=1S/C4H10O2/c1-3(5)4(2)6/h3-6H,1-2H3/t3-,4-/m0/s1	C[C@H](O)[C@H](C)O	OWBTYPJTUOEWEK-IMJSIDKUSA-N	
CHEBI:16982	(R,R)-butane-2,3-diol	C4H10O2	0	90.121	InChI=1S/C4H10O2/c1-3(5)4(2)6/h3-6H,1-2H3/t3-,4-/m1/s1	C[C@@H](O)[C@@H](C)O	OWBTYPJTUOEWEK-QWWZWVQMSA-N	
CHEBI:75460	meso-butane-2,3-diol	C4H10O2	0	90.121	InChI=1S/C4H10O2/c1-3(5)4(2)6/h3-6H,1-2H3/t3-,4+	C[C@@H](O)[C@H](C)O	OWBTYPJTUOEWEK-ZXZARUISSA-N	
CHEBI:35687	butan-2-ol	C4H10O	0	74.1216	InChI=1S/C4H10O/c1-3-4(2)5/h4-5H,3H2,1-2H3	CCC(C)O	BTANRVKWQNVYAZ-UHFFFAOYSA-N	
CHEBI:16651	(S)-lactate	C3H5O3	-1	89.07	InChI=1S/C3H6O3/c1-2(4)3(5)6/h2,4H,1H3,(H,5,6)/p-1/t2-/m0/s1	C[C@H](O)C([O-])=O	JVTAAEKCZFNVCJ-REOHCLBHSA-M	
CHEBI:57382	lactoyl-CoA(4-)	C24H36N7O18P3S	-4	835.565	InChI=1S/C24H40N7O18P3S/c1-12(32)23(37)53-7-6-26-14(33)4-5-27-21(36)18(35)24(2,3)9-46-52(43,44)49-51(41,42)45-8-13-17(48-50(38,39)40)16(34)22(47-13)31-11-30-15-19(25)28-10-29-20(15)31/h10-13,16-18,22,32,34-35H,4-9H2,1-3H3,(H,26,33)(H,27,36)(H,41,42)(H,43,44)(H2,25,28,29)(H2,38,39,40)/p-4/t12?,13-,16-,17-,18+,22-/m1/s1	CC(O)C(=O)SCCNC(=O)CCNC(=O)[C@H](O)C(C)(C)COP([O-])(=O)OP([O-])(=O)OC[C@H]1O[C@H]([C@H](O)[C@@H]1OP([O-])([O-])=O)n1cnc2c(N)ncnc12	VIWKEBOLLIEAIL-FBMOWMAESA-J	
CHEBI:57367	acryloyl-CoA(4-)	C24H34N7O17P3S	-4	817.55	InChI=1S/C24H38N7O17P3S/c1-4-15(33)52-8-7-26-14(32)5-6-27-22(36)19(35)24(2,3)10-45-51(42,43)48-50(40,41)44-9-13-18(47-49(37,38)39)17(34)23(46-13)31-12-30-16-20(25)28-11-29-21(16)31/h4,11-13,17-19,23,34-35H,1,5-10H2,2-3H3,(H,26,32)(H,27,36)(H,40,41)(H,42,43)(H2,25,28,29)(H2,37,38,39)/p-4/t13-,17-,18-,19+,23-/m1/s1	CC(C)(COP([O-])(=O)OP([O-])(=O)OC[C@H]1O[C@H]([C@H](O)[C@@H]1OP([O-])([O-])=O)n1cnc2c(N)ncnc12)[C@@H](O)C(=O)NCCC(=O)NCCSC(=O)C=C	POODSGUMUCVRTR-IEXPHMLFSA-J	
CHEBI:48944	isobutyrate	C4H7O2	-1	87.09718	InChI=1S/C4H8O2/c1-3(2)4(5)6/h3H,1-2H3,(H,5,6)/p-1	CC(C)C([O-])=O	KQNPFQTWMSNSAP-UHFFFAOYSA-M	
CHEBI:30362	isopentane	C5H12	0	72.14878	InChI=1S/C5H12/c1-4-5(2)3/h5H,4H2,1-3H3	CCC(C)C	QWTDNUCVQCZILF-UHFFFAOYSA-N	
CHEBI:37080	acrylate	C3H3O2	-1	71.05472	InChI=1S/C3H4O2/c1-2-3(4)5/h2H,1H2,(H,4,5)/p-1	[O-]C(=O)C=C	NIXOWILDQLNWCW-UHFFFAOYSA-M	
CHEBI:57595	L-histidine zwitterion	C6H9N3O2	0	155.1546	InChI=1S/C6H9N3O2/c7-5(6(10)11)1-4-2-8-3-9-4/h2-3,5H,1,7H2,(H,8,9)(H,10,11)/t5-/m0/s1	[NH3+][C@@H](Cc1c[nH]cn1)C([O-])=O	HNDVDQJCIGZPNO-YFKPBYRVSA-N	
CHEBI:57618	FMNH2(2-)	C17H21N4O9P	-2	456.3438	InChI=1S/C17H23N4O9P/c1-7-3-9-10(4-8(7)2)21(15-13(18-9)16(25)20-17(26)19-15)5-11(22)14(24)12(23)6-30-31(27,28)29/h3-4,11-12,14,18,22-24H,5-6H2,1-2H3,(H2,27,28,29)(H2,19,20,25,26)/p-2/t11-,12+,14-/m0/s1	Cc1cc2Nc3c([nH]c(=O)[nH]c3=O)N(C[C@H](O)[C@H](O)[C@H](O)COP([O-])([O-])=O)c2cc1C	YTNIXZGTHTVJBW-SCRDCRAPSA-L	
CHEBI:17158	methylglyoxal	C3H4O2	0	72.06266	InChI=1S/C3H4O2/c1-3(5)2-4/h2H,1H3	[H]C(=O)C(C)=O	AIJULSRZWUXGPQ-UHFFFAOYSA-N	
CHEBI:17167	(R)-lactaldehyde	C3H6O2	0	74.07854	InChI=1S/C3H6O2/c1-3(5)2-4/h2-3,5H,1H3/t3-/m1/s1	[H]C(=O)[C@@H](C)O	BSABBBMNWQWLLU-GSVOUGTGSA-N	
CHEBI:18041	(S)-lactaldehyde	C3H6O2	0	74.07854	InChI=1S/C3H6O2/c1-3(5)2-4/h2-3,5H,1H3/t3-/m0/s1	[H]C(=O)[C@H](C)O	BSABBBMNWQWLLU-VKHMYHEASA-N	
CHEBI:28972	(R)-propane-1,2-diol	C3H8O2	0	76.09442	InChI=1S/C3H8O2/c1-3(5)2-4/h3-5H,2H2,1H3/t3-/m1/s1	C[C@@H](O)CO	DNIAPMSPPWPWGF-GSVOUGTGSA-N	
CHEBI:29002	(S)-propane-1,2-diol	C3H8O2	0	76.09442	InChI=1S/C3H8O2/c1-3(5)2-4/h3-5H,2H2,1H3/t3-/m0/s1	C[C@H](O)CO	DNIAPMSPPWPWGF-VKHMYHEASA-N	
CHEBI:16016	dihydroxyacetone	C3H6O3	0	90.078	InChI=1S/C3H6O3/c4-1-3(6)2-5/h4-5H,1-2H2	C(CO)(CO)=O	RXKJFZQQPQGTFL-UHFFFAOYSA-N	
CHEBI:57597	sn-glycerol 3-phosphate(2-)	C3H7O6P	-2	170.0578	InChI=1S/C3H9O6P/c4-1-3(5)2-9-10(6,7)8/h3-5H,1-2H2,(H2,6,7,8)/p-2/t3-/m1/s1	OC[C@@H](O)COP([O-])([O-])=O	AWUCVROLDVIAJX-GSVOUGTGSA-L	
CHEBI:58359	L-glutamine zwitterion	C5H10N2O3	0	146.1445	InChI=1S/C5H10N2O3/c6-3(5(9)10)1-2-4(7)8/h3H,1-2,6H2,(H2,7,8)(H,9,10)/t3-/m0/s1	NC(=O)CC[C@H]([NH3+])C([O-])=O	ZDXPYRJPNDTMRX-VKHMYHEASA-N	
CHEBI:75989	alpha-D-glucosamine 6-phosphate(1-)	C6H13NO8P	-1	258.1431	InChI=1S/C6H14NO8P/c7-3-5(9)4(8)2(15-6(3)10)1-14-16(11,12)13/h2-6,8-10H,1,7H2,(H2,11,12,13)/p-1/t2-,3-,4-,5-,6+/m1/s1	[NH3+][C@H]1[C@@H](O)O[C@H](COP([O-])([O-])=O)[C@@H](O)[C@@H]1O	XHMJOUIAFHJHBW-UKFBFLRUSA-M	
CHEBI:57634	beta-D-fructofuranose 6-phosphate(2-)	C6H11O9P	-2	258.1199	InChI=1S/C6H13O9P/c7-2-6(10)5(9)4(8)3(15-6)1-14-16(11,12)13/h3-5,7-10H,1-2H2,(H2,11,12,13)/p-2/t3-,4-,5+,6-/m1/s1	OC[C@@]1(O)O[C@H](COP([O-])([O-])=O)[C@@H](O)[C@@H]1O	BGWGXPAPYGQALX-ARQDHWQXSA-L	
CHEBI:16659	D-glycerate	C3H5O4	-1	105.0694	InChI=1S/C3H6O4/c4-1-2(5)3(6)7/h2,4-5H,1H2,(H,6,7)/p-1/t2-/m1/s1	OC[C@@H](O)C([O-])=O	RBNPOMFGQQGHHO-UWTATZPHSA-M	
CHEBI:58272	3-phosphonato-D-glycerate(3-)	C3H4O7P	-3	183.0334	InChI=1S/C3H7O7P/c4-2(3(5)6)1-10-11(7,8)9/h2,4H,1H2,(H,5,6)(H2,7,8,9)/p-3/t2-/m1/s1	O[C@H](COP([O-])([O-])=O)C([O-])=O	OSJPPGNTCRNQQC-UWTATZPHSA-K	
CHEBI:17378	D-glyceraldehyde	C3H6O3	0	90.07794	InChI=1S/C3H6O3/c4-1-3(6)2-5/h1,3,5-6H,2H2/t3-/m0/s1	[H]C(=O)[C@H](O)CO	MNQZXJOMYWMBOU-VKHMYHEASA-N	
CHEBI:18110	3-phosphonatooxypyruvate(3-)	C3H2O7P	-3	181.01754	InChI=1S/C3H5O7P/c4-2(3(5)6)1-10-11(7,8)9/h1H2,(H,5,6)(H2,7,8,9)/p-3	[O-]C(=O)C(=O)COP([O-])([O-])=O	LFLUCDOSQPJJBE-UHFFFAOYSA-K	
CHEBI:57524	O-phosphonato-L-serine(2-)	C3H6NO6P	-2	183.0566	InChI=1S/C3H8NO6P/c4-2(3(5)6)1-10-11(7,8)9/h2H,1,4H2,(H,5,6)(H2,7,8,9)/p-2/t2-/m0/s1	[NH3+][C@@H](COP([O-])([O-])=O)C([O-])=O	BZQFBWGGLXLEPQ-REOHCLBHSA-L	
CHEBI:33384	L-serine zwitterion	C3H7NO3	0	105.09262	InChI=1S/C3H7NO3/c4-2(1-5)3(6)7/h2,5H,1,4H2,(H,6,7)/t2-/m0/s1	[NH3+][C@@H](CO)C([O-])=O	MTCFGRXMJLQNBG-REOHCLBHSA-N	
CHEBI:57603	ethanolaminium(1+)	C2H8NO	1	62.091	InChI=1S/C2H7NO/c3-1-2-4/h4H,1-3H2/p+1	[NH3+]CCO	HZAXFHJVJLSVMW-UHFFFAOYSA-O	
CHEBI:57305	glycine zwitterion	C2H5NO2	0	75.0666	InChI=1S/C2H5NO2/c3-1-2(4)5/h1,3H2,(H,4,5)	[NH3+]CC([O-])=O	DHMQDGOQFOQNFH-UHFFFAOYSA-N	
CHEBI:356416	5-ammoniolevulinate	C5H9NO3	0	131.1299	InChI=1S/C5H9NO3/c6-3-4(7)1-2-5(8)9/h1-3,6H2,(H,8,9)	[NH3+]CC(=O)CCC([O-])=O	ZGXJTSGNIOSYLO-UHFFFAOYSA-N	
CHEBI:58055	4,5-dioxopentanoate	C5H5O4	-1	129.0908	InChI=1S/C5H6O4/c6-3-4(7)1-2-5(8)9/h3H,1-2H2,(H,8,9)/p-1	[H]C(=O)C(=O)CCC([O-])=O	YHUFRVYVNKGICT-UHFFFAOYSA-M	
CHEBI:27957	hydroxyacetone	C3H6O2	0	74.07854	InChI=1S/C3H6O2/c1-3(5)2-4/h4H,2H2,1H3	CC(=O)CO	XLSMFKSTNGKWQX-UHFFFAOYSA-N	
CHEBI:18351	4-hydroxyhexan-3-one	C6H12O2	0	116.15828	InChI=1S/C6H12O2/c1-3-5(7)6(8)4-2/h5,7H,3-4H2,1-2H3	CCC(O)C(=O)CC	SKCYVGUCBRYGTE-UHFFFAOYSA-N	
CHEBI:73142	(S)-4-hydroxy-2-oxohexanoate	C6H9O4	-1	145.1333	InChI=1S/C6H10O4/c1-2-4(7)3-5(8)6(9)10/h4,7H,2-3H2,1H3,(H,9,10)/p-1/t4-/m0/s1	CC[C@H](O)CC(=O)C([O-])=O	ALFQPWXBAWHVDP-BYPYZUCNSA-M	
CHEBI:57805	N(2)-acetyl-L-ornithine zwitterion	C7H14N2O3	0	174.1977	InChI=1S/C7H14N2O3/c1-5(10)9-6(7(11)12)3-2-4-8/h6H,2-4,8H2,1H3,(H,9,10)(H,11,12)/t6-/m0/s1	CC(=O)N[C@@H](CCC[NH3+])C([O-])=O	JRLGPAXAGHMNOL-LURJTMIESA-N	
CHEBI:29123	2-acetamido-5-oxopentanoate	C7H10NO4	-1	172.15864	InChI=1S/C7H11NO4/c1-5(10)8-6(7(11)12)3-2-4-9/h4,6H,2-3H2,1H3,(H,8,10)(H,11,12)/p-1/t6-/m0/s1	CC(=O)N[C@@H](CCC=O)C([O-])=O	BCPSFKBPHHBDAI-LURJTMIESA-M	
CHEBI:46911	L-ornithinium(1+)	C5H13N2O2	1	133.169	InChI=1S/C5H12N2O2/c6-3-1-2-4(7)5(8)9/h4H,1-3,6-7H2,(H,8,9)/p+1/t4-/m0/s1	[NH3+]CCC[C@H]([NH3+])C([O-])=O	AHLPHDHHMVZTML-BYPYZUCNSA-O	
CHEBI:326268	1,4-butanediammonium	C4H14N2	2	90.1674	InChI=1S/C4H12N2/c5-3-1-2-4-6/h1-6H2/p+2	[NH3+]CCCC[NH3+]	KIDHWZJUCRJVML-UHFFFAOYSA-P	
CHEBI:58264	4-ammoniobutanal	C4H10NO	1	88.1283	InChI=1S/C4H9NO/c5-3-1-2-4-6/h4H,1-3,5H2/p+1	[H]C(=O)CCC[NH3+]	DZQLQEYLEYWJIB-UHFFFAOYSA-O	
CHEBI:58228	carbamoyl phosphate(2-)	CH2NO5P	-2	139.004	InChI=1S/CH4NO5P/c2-1(3)7-8(4,5)6/h(H2,2,3)(H2,4,5,6)/p-2	NC(=O)OP([O-])([O-])=O	FFQKYPRQEYGKAF-UHFFFAOYSA-L	
CHEBI:57743	L-citrulline zwitterion	C6H13N3O3	0	175.1857	InChI=1S/C6H13N3O3/c7-4(5(10)11)2-1-3-9-6(8)12/h4H,1-3,7H2,(H,10,11)(H3,8,9,12)/t4-/m0/s1	NC(=O)NCCC[C@H]([NH3+])C([O-])=O	RHGKLRLOHDJJDR-BYPYZUCNSA-N	
CHEBI:57472	(N(omega)-L-arginino)succinate(1-)	C10H17N4O6	-1	289.2652	InChI=1S/C10H18N4O6/c11-5(8(17)18)2-1-3-13-10(12)14-6(9(19)20)4-7(15)16/h5-6H,1-4,11H2,(H,15,16)(H,17,18)(H,19,20)(H3,12,13,14)/p-1/t5-,6?/m0/s1	[NH3+][C@@H](CCCNC(=[NH2+])NC(CC([O-])=O)C([O-])=O)C([O-])=O	KDZOASGQNOPSCU-ZBHICJROSA-M	
CHEBI:16997	propane-1,2-diol	C3H8O2	0	76.09442	InChI=1S/C3H8O2/c1-3(5)2-4/h3-5H,2H2,1H3	CC(O)CO	DNIAPMSPPWPWGF-UHFFFAOYSA-N	
CHEBI:57584	aldehydo-D-glucose 6-phosphate(2-)	C6H11O9P	-2	258.1199	InChI=1S/C6H13O9P/c7-1-3(8)5(10)6(11)4(9)2-15-16(12,13)14/h1,3-6,8-11H,2H2,(H2,12,13,14)/p-2/t3-,4+,5+,6+/m0/s1	[H]C(=O)[C@H](O)[C@@H](O)[C@H](O)[C@H](O)COP([O-])([O-])=O	VFRROHXSMXFLSN-SLPGGIOYSA-L	
CHEBI:57579	D-fructose 6-phosphate(2-)	C6H11O9P	-2	258.1199	InChI=1S/C6H13O9P/c7-1-3(8)5(10)6(11)4(9)2-15-16(12,13)14/h4-7,9-11H,1-2H2,(H2,12,13,14)/p-2/t4-,5-,6-/m1/s1	OCC(=O)[C@@H](O)[C@H](O)[C@H](O)COP([O-])([O-])=O	GSXOAOHZAIYLCY-HSUXUTPPSA-L	
CHEBI:32966	beta-D-fructofuranose 1,6-bisphosphate(4-)	C6H10O12P2	-4	336.08392	InChI=1S/C6H14O12P2/c7-4-3(1-16-19(10,11)12)18-6(9,5(4)8)2-17-20(13,14)15/h3-5,7-9H,1-2H2,(H2,10,11,12)(H2,13,14,15)/p-4/t3-,4-,5+,6-/m1/s1	O[C@H]1[C@H](O)[C@@](O)(COP([O-])([O-])=O)O[C@@H]1COP([O-])([O-])=O	RNBGYGVWRKECFJ-ARQDHWQXSA-J	
CHEBI:58702	phosphonatoenolpyruvate	C3H2O6P	-3	165.0181	InChI=1S/C3H5O6P/c1-2(3(4)5)9-10(6,7)8/h1H2,(H,4,5)(H2,6,7,8)/p-3	[O-]C(=O)C(=C)OP([O-])([O-])=O	DTBNBXWJWCWCIK-UHFFFAOYSA-K	
CHEBI:58725	2-ammonio-2-deoxy-D-glucopyranose 6-phosphate(1-)	C6H13NO8P	-1	258.1431	InChI=1S/C6H14NO8P/c7-3-5(9)4(8)2(15-6(3)10)1-14-16(11,12)13/h2-6,8-10H,1,7H2,(H2,11,12,13)/p-1/t2-,3-,4-,5-,6?/m1/s1	[NH3+][C@H]1C(O)O[C@H](COP([O-])([O-])=O)[C@@H](O)[C@@H]1O	XHMJOUIAFHJHBW-IVMDWMLBSA-M	
CHEBI:32682	L-argininium(1+)	C6H15N4O2	1	175.20906	InChI=1S/C6H14N4O2/c7-4(5(11)12)2-1-3-10-6(8)9/h4H,1-3,7H2,(H,11,12)(H4,8,9,10)/p+1/t4-/m0/s1	NC(=[NH2+])NCCC[C@H]([NH3+])C([O-])=O	ODKSFYDXXFIFQN-BYPYZUCNSA-O	
CHEBI:58074	D-nopalinate(1-)	C11H19N4O6	-1	303.2918	InChI=1S/C11H20N4O6/c12-11(13)14-5-1-2-6(9(18)19)15-7(10(20)21)3-4-8(16)17/h6-7,15H,1-5H2,(H,16,17)(H,18,19)(H,20,21)(H4,12,13,14)/p-1/t6-,7+/m0/s1	NC(=[NH2+])NCCC[C@H]([NH2+][C@H](CCC([O-])=O)C([O-])=O)C([O-])=O	LMKYZBGVKHTLTN-NKWVEPMBSA-M	
CHEBI:58489	5-guanidino-2-oxopentanoic acid zwitterion	C6H11N3O3	0	173.1698	InChI=1S/C6H11N3O3/c7-6(8)9-3-1-2-4(10)5(11)12/h1-3H2,(H,11,12)(H4,7,8,9)	NC(=[NH2+])NCCCC(=O)C([O-])=O	ARBHXJXXVVHMET-UHFFFAOYSA-N	
CHEBI:57520	D-octopine dizwitterion	C9H18N4O4	0	246.2636	InChI=1S/C9H18N4O4/c1-5(7(14)15)13-6(8(16)17)3-2-4-12-9(10)11/h5-6,13H,2-4H2,1H3,(H,14,15)(H,16,17)(H4,10,11,12)/t5-,6+/m1/s1	C[C@@H]([NH2+][C@@H](CCCNC(N)=[NH2+])C([O-])=O)C([O-])=O	IMXSCCDUAFEIOE-RITPCOANSA-N	
CHEBI:58145	agmatinium(2+)	C5H16N4	2	132.2073	InChI=1S/C5H14N4/c6-3-1-2-4-9-5(7)8/h1-4,6H2,(H4,7,8,9)/p+2	NC(=[NH2+])NCCCC[NH3+]	QYPPJABKJHAVHS-UHFFFAOYSA-P	
CHEBI:57355	4-coumaroyl-CoA(4-)	C30H38N7O18P3S	-4	909.645	InChI=1S/C30H42N7O18P3S/c1-30(2,25(42)28(43)33-10-9-20(39)32-11-12-59-21(40)8-5-17-3-6-18(38)7-4-17)14-52-58(49,50)55-57(47,48)51-13-19-24(54-56(44,45)46)23(41)29(53-19)37-16-36-22-26(31)34-15-35-27(22)37/h3-8,15-16,19,23-25,29,38,41-42H,9-14H2,1-2H3,(H,32,39)(H,33,43)(H,47,48)(H,49,50)(H2,31,34,35)(H2,44,45,46)/p-4/t19-,23-,24-,25+,29-/m1/s1	CC(C)(COP([O-])(=O)OP([O-])(=O)OC[C@H]1O[C@H]([C@H](O)[C@@H]1OP([O-])([O-])=O)n1cnc2c(N)ncnc12)[C@@H](O)C(=O)NCCC(=O)NCCSC(=O)C=Cc1ccc(O)cc1	DMZOKBALNZWDKI-FUEUKBNZSA-J	
CHEBI:58644	p-coumaroylagmatine(1+)	C14H21N4O2	1	277.3416	InChI=1S/C14H20N4O2/c15-14(16)18-10-2-1-9-17-13(20)8-5-11-3-6-12(19)7-4-11/h3-8,19H,1-2,9-10H2,(H,17,20)(H4,15,16,18)/p+1	NC(=[NH2+])NCCCCNC(=O)C=Cc1ccc(O)cc1	AKIHYQWCLCDMMI-UHFFFAOYSA-O	
CHEBI:58318	N-carbamoylputrescinium(1+)	C5H14N3O	1	132.1842	InChI=1S/C5H13N3O/c6-3-1-2-4-8-5(7)9/h1-4,6H2,(H3,7,8,9)/p+1	NC(=O)NCCCC[NH3+]	YANFYYGANIYHGI-UHFFFAOYSA-O	
CHEBI:58274	L-gamma-glutamyl phosphate(2-)	C5H8NO7P	-2	225.0933	InChI=1S/C5H10NO7P/c6-3(5(8)9)1-2-4(7)13-14(10,11)12/h3H,1-2,6H2,(H,8,9)(H2,10,11,12)/p-2/t3-/m0/s1	[NH3+][C@@H](CCC(=O)OP([O-])([O-])=O)C([O-])=O	PJRXVIJAERNUIP-VKHMYHEASA-L	
CHEBI:58066	L-glutamic 5-semialdehyde zwitterion	C5H9NO3	0	131.1299	InChI=1S/C5H9NO3/c6-4(5(8)9)2-1-3-7/h3-4H,1-2,6H2,(H,8,9)/t4-/m0/s1	[H]C(=O)CC[C@H]([NH3+])C([O-])=O	KABXUUFDPUOJMW-BYPYZUCNSA-N	
CHEBI:15893	1-pyrroline-5-carboxylate	C5H6NO2	-1	112.107	InChI=1S/C5H7NO2/c7-5(8)4-2-1-3-6-4/h3-4H,1-2H2,(H,7,8)/p-1	N1=CCCC1C([O-])=O	DWAKNKKXGALPNW-UHFFFAOYSA-M	
CHEBI:60039	L-proline zwitterion	C5H9NO2	0	115.1305	InChI=1S/C5H9NO2/c7-5(8)4-2-1-3-6-4/h4,6H,1-3H2,(H,7,8)/t4-/m0/s1	[O-]C(=O)[C@@H]1CCC[NH2+]1	ONIBWKKTOPOVIA-BYPYZUCNSA-N	
CHEBI:39785	1-pyrroline-2-carboxylic acid zwitterion	C5H7NO2	0	113.1146	InChI=1S/C5H7NO2/c7-5(8)4-2-1-3-6-4/h1-3H2,(H,7,8)	[O-]C(=O)C1=[NH+]CCC1	RHTAIKJZSXNELN-UHFFFAOYSA-N	
CHEBI:57955	6-O-phosphonato-D-glucono-1,5-lactone(2-)	C6H9O9P	-2	256.104	InChI=1S/C6H11O9P/c7-3-2(1-14-16(11,12)13)15-6(10)5(9)4(3)8/h2-5,7-9H,1H2,(H2,11,12,13)/p-2/t2-,3-,4+,5-/m1/s1	O[C@H]1[C@H](O)[C@@H](COP([O-])([O-])=O)OC(=O)[C@@H]1O	IJOJIVNDFQSGAB-SQOUGZDYSA-L	
CHEBI:58759	6-phosphonatooxy-D-gluconate	C6H10O10P	-3	273.1114	InChI=1S/C6H13O10P/c7-2(1-16-17(13,14)15)3(8)4(9)5(10)6(11)12/h2-5,7-10H,1H2,(H,11,12)(H2,13,14,15)/p-3/t2-,3-,4+,5-/m1/s1	O[C@H](COP([O-])([O-])=O)[C@@H](O)[C@H](O)[C@@H](O)C([O-])=O	BIRSGZKFKXLSJQ-SQOUGZDYSA-K	
CHEBI:58121	D-ribulose 5-phosphate(2-)	C5H9O8P	-2	228.0939	InChI=1S/C5H11O8P/c6-1-3(7)5(9)4(8)2-13-14(10,11)12/h4-6,8-9H,1-2H2,(H2,10,11,12)/p-2/t4-,5+/m1/s1	OCC(=O)[C@H](O)[C@H](O)COP([O-])([O-])=O	FNZLKVNUWIIPSJ-UHNVWZDZSA-L	
CHEBI:58273	aldehydo-D-ribose 5-phosphate(2-)	C5H9O8P	-2	228.0939	InChI=1S/C5H11O8P/c6-1-3(7)5(9)4(8)2-13-14(10,11)12/h1,3-5,7-9H,2H2,(H2,10,11,12)/p-2/t3-,4+,5-/m0/s1	O[C@H](COP([O-])([O-])=O)[C@@H](O)[C@@H](O)C=O	PPQRONHOSHZGFQ-LMVFSUKVSA-L	
CHEBI:57737	D-xylulose 5-phosphate(2-)	C5H9O8P	-2	228.0939	InChI=1S/C5H11O8P/c6-1-3(7)5(9)4(8)2-13-14(10,11)12/h4-6,8-9H,1-2H2,(H2,10,11,12)/p-2/t4-,5-/m1/s1	OCC(=O)[C@@H](O)[C@H](O)COP([O-])([O-])=O	FNZLKVNUWIIPSJ-RFZPGFLSSA-L	
CHEBI:58289	2-phosphonato-D-glycerate(3-)	C3H4O7P	-3	183.0334	InChI=1S/C3H7O7P/c4-1-2(3(5)6)10-11(7,8)9/h2,4H,1H2,(H,5,6)(H2,7,8,9)/p-3/t2-/m1/s1	OC[C@@H](OP([O-])([O-])=O)C([O-])=O	GXIURPTVHJPJLF-UWTATZPHSA-K	
CHEBI:61548	D-glucopyranose 6-phosphate(2-)	C6H11O9P	-2	258.1199	InChI=1S/C6H13O9P/c7-3-2(1-14-16(11,12)13)15-6(10)5(9)4(3)8/h2-10H,1H2,(H2,11,12,13)/p-2/t2-,3-,4+,5-,6?/m1/s1	OC1O[C@H](COP([O-])([O-])=O)[C@@H](O)[C@H](O)[C@H]1O	NBSCHQHZLSJFNQ-GASJEMHNSA-L	
CHEBI:16897	D-erythrose 4-phosphate(2-)	C4H7O7P	-2	198.06794	InChI=1S/C4H9O7P/c5-1-3(6)4(7)2-11-12(8,9)10/h1,3-4,6-7H,2H2,(H2,8,9,10)/p-2/t3-,4+/m0/s1	[H]C(=O)[C@H](O)[C@H](O)COP([O-])([O-])=O	NGHMDNPXVRFFGS-IUYQGCFVSA-L	
CHEBI:58394	7-phospho-2-dehydro-3-deoxy-D-arabino-heptonate	C7H10O10P	-3	285.1221	InChI=1S/C7H13O10P/c8-3(1-4(9)7(12)13)6(11)5(10)2-17-18(14,15)16/h3,5-6,8,10-11H,1-2H2,(H,12,13)(H2,14,15,16)/p-3/t3-,5-,6+/m1/s1	O[C@H](COP([O-])([O-])=O)[C@@H](O)[C@H](O)CC(=O)C([O-])=O	PJWIPEXIFFQAQZ-PUFIMZNGSA-K	
CHEBI:32364	3-dehydroquinate	C7H9O6	-1	189.14276	InChI=1S/C7H10O6/c8-3-1-7(13,6(11)12)2-4(9)5(3)10/h3,5,8,10,13H,1-2H2,(H,11,12)/p-1/t3-,5+,7-/m1/s1	O[C@@H]1C[C@@](O)(CC(=O)[C@H]1O)C([O-])=O	WVMWZWGZRAXUBK-SYTVJDICSA-M	
CHEBI:16630	3-dehydroshikimate	C7H7O5	-1	171.12748	InChI=1S/C7H8O5/c8-4-1-3(7(11)12)2-5(9)6(4)10/h1,5-6,9-10H,2H2,(H,11,12)/p-1/t5-,6-/m1/s1	O[C@@H]1CC(=CC(=O)[C@H]1O)C([O-])=O	SLWWJZMPHJJOPH-PHDIDXHHSA-M	
CHEBI:36241	3,4-dihydroxybenzoate	C7H5O4	-1	153.112	InChI=1S/C7H6O4/c8-5-2-1-4(7(10)11)3-6(5)9/h1-3,8-9H,(H,10,11)/p-1	C(=O)(C1=CC(=C(C=C1)O)O)[O-]	YQUVCSBJEUQKSH-UHFFFAOYSA-M	
CHEBI:36208	shikimate	C7H9O5	-1	173.14336	InChI=1S/C7H10O5/c8-4-1-3(7(11)12)2-5(9)6(4)10/h1,4-6,8-10H,2H2,(H,11,12)/p-1/t4-,5-,6-/m1/s1	O[C@@H]1CC(=C[C@@H](O)[C@H]1O)C([O-])=O	JXOHGGNKMLTUBP-HSUXUTPPSA-M	
CHEBI:145989	3-phosphonatoshikimate(3-)	C7H8O8P	-3	251.1074	InChI=1S/C7H11O8P/c8-4-1-3(7(10)11)2-5(6(4)9)15-16(12,13)14/h2,4-6,8-9H,1H2,(H,10,11)(H2,12,13,14)/p-3/t4-,5-,6+/m1/s1	O[C@@H]1CC(=C[C@@H](OP([O-])([O-])=O)[C@H]1O)C([O-])=O	QYOJSKGCWNAKGW-PBXRRBTRSA-K	
CHEBI:57701	5-O-(1-carboxylatovinyl)-3-phosphonatoshikimate	C10H9O10P	-4	320.1462	InChI=1S/C10H13O10P/c1-4(9(12)13)19-6-2-5(10(14)15)3-7(8(6)11)20-21(16,17)18/h3,6-8,11H,1-2H2,(H,12,13)(H,14,15)(H2,16,17,18)/p-4/t6-,7-,8+/m1/s1	O[C@H]1[C@@H](CC(=C[C@H]1OP([O-])([O-])=O)C([O-])=O)OC(=C)C([O-])=O	QUTYKIXIUDQOLK-PRJMDXOYSA-J	
CHEBI:29748	chorismate(2-)	C10H8O6	-2	224.16692	InChI=1S/C10H10O6/c1-5(9(12)13)16-8-4-6(10(14)15)2-3-7(8)11/h2-4,7-8,11H,1H2,(H,12,13)(H,14,15)/p-2/t7-,8-/m1/s1	O[C@@H]1C=CC(=C[C@H]1OC(=C)C([O-])=O)C([O-])=O	WTFXTQVDAKGDEY-HTQZYQBOSA-L	
CHEBI:29934	(1s,4s)-prephenate(2-)	C10H8O6	-2	224.168	InChI=1S/C10H10O6/c11-6-1-3-10(4-2-6,9(15)16)5-7(12)8(13)14/h1-4,6,11H,5H2,(H,13,14)(H,15,16)/p-2/t6-,10+	O[C@H]1C=C[C@](CC(=O)C([O-])=O)(C=C1)C([O-])=O	FPWMCUPFBRFMLH-XGAOUMNUSA-L	
CHEBI:17879	4-hydroxybenzoate	C7H5O3	-1	137.1128	InChI=1S/C7H6O3/c8-6-3-1-5(2-4-6)7(9)10/h1-4,8H,(H,9,10)/p-1	Oc1ccc(cc1)C([O-])=O	FJKROLUGYXJWQN-UHFFFAOYSA-M	
CHEBI:16567	anthranilate	C7H6NO2	-1	136.12808	InChI=1S/C7H7NO2/c8-6-4-2-1-3-5(6)7(9)10/h1-4H,8H2,(H,9,10)/p-1	Nc1ccccc1C([O-])=O	RWZYAGGXGHYGMB-UHFFFAOYSA-M	
CHEBI:17296	aniline	C6H7N	0	93.1265	InChI=1S/C6H7N/c7-6-4-2-1-3-5-6/h1-5H,7H2	Nc1ccccc1	PAYRUJLWNCNPSJ-UHFFFAOYSA-N	
CHEBI:57356	4-hydroxybenzoyl-CoA(4-)	C28H36N7O18P3S	-4	883.608	InChI=1S/C28H40N7O18P3S/c1-28(2,22(39)25(40)31-8-7-18(37)30-9-10-57-27(41)15-3-5-16(36)6-4-15)12-50-56(47,48)53-55(45,46)49-11-17-21(52-54(42,43)44)20(38)26(51-17)35-14-34-19-23(29)32-13-33-24(19)35/h3-6,13-14,17,20-22,26,36,38-39H,7-12H2,1-2H3,(H,30,37)(H,31,40)(H,45,46)(H,47,48)(H2,29,32,33)(H2,42,43,44)/p-4/t17-,20-,21-,22+,26-/m1/s1	CC(C)(COP([O-])(=O)OP([O-])(=O)OC[C@H]1O[C@H]([C@H](O)[C@@H]1OP([O-])([O-])=O)n1cnc2c(N)ncnc12)[C@@H](O)C(=O)NCCC(=O)NCCSC(=O)c1ccc(O)cc1	LTVXPVBFJBTNIJ-TYHXJLICSA-J	
CHEBI:36242	3-(4-hydroxyphenyl)pyruvate	C9H7O4	-1	179.1495	InChI=1S/C9H8O4/c10-7-3-1-6(2-4-7)5-8(11)9(12)13/h1-4,10H,5H2,(H,12,13)/p-1	Oc1ccc(CC(=O)C([O-])=O)cc1	KKADPXVIOXHVKN-UHFFFAOYSA-M	
CHEBI:10980	(R)-3-(4-hydroxyphenyl)lactate	C9H9O4	-1	181.16536	InChI=1S/C9H10O4/c10-7-3-1-6(2-4-7)5-8(11)9(12)13/h1-4,8,10-11H,5H2,(H,12,13)/p-1/t8-/m1/s1	O[C@H](Cc1ccc(O)cc1)C([O-])=O	JVGVDSSUAVXRDY-MRVPVSSYSA-M	
CHEBI:9017	Salvianolic acid A	C26H22O10	0	494.448	InChI=1S/C26H22O10/c27-18-7-2-14(11-21(18)30)1-6-17-16(4-9-20(29)25(17)33)5-10-24(32)36-23(26(34)35)13-15-3-8-19(28)22(31)12-15/h1-12,23,27-31,33H,13H2,(H,34,35)/b6-1+,10-5+/t23-/m1/s1	OC(=O)[C@@H](Cc1ccc(O)c(O)c1)OC(=O)\\C=C\\c1ccc(O)c(O)c1\\C=C\\c1ccc(O)c(O)c1	YMGFTDKNIWPMGF-UCPJVGPRSA-N	
CHEBI:58406	4-amino-4-deoxychorismate(1-)	C10H10NO5	-1	224.1901	InChI=1S/C10H11NO5/c1-5(9(12)13)16-8-4-6(10(14)15)2-3-7(8)11/h2-4,7-8H,1,11H2,(H,12,13)(H,14,15)/p-1/t7-,8-/m1/s1	[NH3+][C@@H]1C=CC(=C[C@H]1OC(=C)C([O-])=O)C([O-])=O	OIUJHGOLFKDBSU-HTQZYQBOSA-M	
CHEBI:17836	4-aminobenzoate	C7H6NO2	-1	136.1286	InChI=1S/C7H7NO2/c8-6-3-1-5(2-4-6)7(9)10/h1-4H,8H2,(H,9,10)/p-1	Nc1ccc(cc1)C([O-])=O	ALYNCZNDIQEVRV-UHFFFAOYSA-M	
CHEBI:143070	4-amino-4-deoxyprephenate	C10H10NO5	-1	224.193	InChI=1S/C10H11NO5/c11-6-1-3-10(4-2-6,9(15)16)5-7(12)8(13)14/h1-4,6H,5,11H2,(H,13,14)(H,15,16)/p-1/t6-,10+	C1=C[C@H](C=C[C@]1(C([O-])=O)CC(C(=O)[O-])=O)[NH3+]	OJJQTAMHYLSXHT-XGAOUMNUSA-M	
CHEBI:143071	3-(4-aminophenyl)pyruvate	C9H8NO3	-1	178.165	InChI=1S/C9H9NO3/c10-7-3-1-6(2-4-7)5-8(11)9(12)13/h1-4H,5,10H2,(H,12,13)/p-1	C1=CC(=CC=C1CC(C([O-])=O)=O)N	HWDZIRSKXFAMFU-UHFFFAOYSA-M	
CHEBI:143072	4-amino-L-phenylalanine zwitterion	C9H12N2O2	0	180.204	InChI=1S/C9H12N2O2/c10-7-3-1-6(2-4-7)5-8(11)9(12)13/h1-4,8H,5,10-11H2,(H,12,13)/t8-/m0/s1	C1=CC(=CC=C1C[C@@H](C([O-])=O)[NH3+])N	CMUHFUGDYMFHEI-QMMMGPOBSA-N	
CHEBI:4APAADH	2-(4-aminophenyl)acetaldehyde	C8H9NO	0	135.16	InChI=1S/C8H9NO/c9-8-3-1-7(2-4-8)5-6-10/h1-4,6H,5,9H2	C1=CC(=CC=C1CC=O)N	OOVPKTABSPKFLL-UHFFFAOYSA-N	
CHEBI:4APAA	2-(4-aminophenyl)acetic acid	C8H9NO2	0	151.16	InChI=1S/C8H9NO2/c9-7-3-1-6(2-4-7)5-8(10)11/h1-4H,5,9H2,(H,10,11)	C1=CC(=CC=C1CC(=O)O)N	CSEWAUGPAQPMDC-UHFFFAOYSA-N	
CHEBI:4APETH	2-(4-aminophenyl)ethanol	C8H11NO	0	137.18	InChI=1S/C8H11NO/c9-8-3-1-7(2-4-8)5-6-10/h1-4,10H,5-6,9H2	C1=CC(=CC=C1CCO)N	QXHDYMUPPXAMPQ-UHFFFAOYSA-N	
CHEBI:4APEAM	2-(4-aminophenyl)ethylamine	C8H12N2	0	136.19	InChI=1S/C8H12N2/c9-6-5-7-1-3-8(10)4-2-7/h1-4H,5-6,9-10H2	C1=CC(=CC=C1CCN)N	LNPMZQXEPNWCMG-UHFFFAOYSA-N	
CHEBI:4ACAA	4-aminocinnamate	C9H8NO2	-1	162.17	InChI=1S/C9H9NO2/c10-8-4-1-7(2-5-8)3-6-9(11)12/h1-6H,10H2,(H,11,12)/b6-3+	C1=CC(=CC=C1C=CC(=O)O)N	JOLPMPPNHIACPD-ZZXKWVIFSA-N	
CHEBI:29780	isochorismate(2-)	C10H8O6	-2	224.16692	InChI=1S/C10H10O6/c1-5(9(12)13)16-7-4-2-3-6(8(7)11)10(14)15/h2-4,7-8,11H,1H2,(H,12,13)(H,14,15)/p-2/t7-,8-/m0/s1	O[C@@H]1[C@@H](OC(=C)C([O-])=O)C=CC=C1C([O-])=O	NTGWPRCCOQCMGE-YUMQZZPRSA-L	
CHEBI:57912	L-tryptophan zwitterion	C11H12N2O2	0	204.2252	InChI=1S/C11H12N2O2/c12-9(11(14)15)5-7-6-13-10-4-2-1-3-8(7)10/h1-4,6,9,13H,5,12H2,(H,14,15)/t9-/m0/s1	[NH3+][C@@H](Cc1c[nH]c2ccccc12)C([O-])=O	QIVBCDIJIAJPQS-VIFPVBQESA-N	
CHEBI:58266	5-hydroxy-L-tryptophan zwitterion	C11H12N2O3	0	220.2246	InChI=1S/C11H12N2O3/c12-9(11(15)16)3-6-5-13-10-2-1-7(14)4-8(6)10/h1-2,4-5,9,13-14H,3,12H2,(H,15,16)/t9-/m0/s1	[NH3+][C@@H](Cc1c[nH]c2ccc(O)cc12)C([O-])=O	LDCYZAJDBXYCGN-VIFPVBQESA-N	
CHEBI:59560	sapropterin	C9H15N5O3	0	241.2471	InChI=1S/C9H15N5O3/c1-3(15)6(16)4-2-11-7-5(12-4)8(17)14-9(10)13-7/h3-4,6,12,15-16H,2H2,1H3,(H4,10,11,13,14,17)/t3-,4+,6-/m0/s1	[H][C@@]1(CNc2nc(N)[nH]c(=O)c2N1)[C@@H](O)[C@H](C)O	FNKQXYHWGSIFBK-RPDRRWSUSA-N	
CHEBI:15642	4a-hydroxy-L-erythro-5,6,7,8-tetrahydrobiopterin	C9H15N5O4	0	257.247	InChI=1S/C9H15N5O4/c1-3(15)5(16)4-2-11-6-9(18,14-4)7(17)13-8(10)12-6/h3-5,14-16,18H,2H2,1H3,(H3,10,11,12,13,17)/t3-,4+,5-,9-/m0/s1	C1=2[C@@](N[C@H](CN1)[C@H]([C@H](C)O)O)(C(N=C(N2)N)=O)O	KJKIEFUPAPPGBC-XXKOCQOQSA-N	
CHEBI:350546	serotonin(1+)	C10H13N2O	1	177.2225	InChI=1S/C10H12N2O/c11-4-3-7-6-12-10-2-1-8(13)5-9(7)10/h1-2,5-6,12-13H,3-4,11H2/p+1	[NH3+]CCc1c[nH]c2ccc(O)cc12	QZAYGJVTTNCVMB-UHFFFAOYSA-O	
CHEBI:17697	N-acetylserotonin	C12H14N2O2	0	218.252	InChI=1S/C12H14N2O2/c1-8(15)13-5-4-9-7-14-12-3-2-10(16)6-11(9)12/h2-3,6-7,14,16H,4-5H2,1H3,(H,13,15)	C1=CC(=CC=2C(=CNC12)CCNC(C)=O)O	MVAWJSIDNICKHF-UHFFFAOYSA-N	
CHEBI:16796	melatonin	C13H16N2O2	0	232.2783	InChI=1S/C13H16N2O2/c1-9(16)14-6-5-10-8-15-13-4-3-11(17-2)7-12(10)13/h3-4,7-8,15H,5-6H2,1-2H3,(H,14,16)	COc1ccc2[nH]cc(CCNC(C)=O)c2c1	DRLFMBDRBRZALE-UHFFFAOYSA-N	
CHEBI:57856	S-adenosyl-L-homocysteine zwitterion	C14H20N6O5S	0	384.411	InChI=1S/C14H20N6O5S/c15-6(14(23)24)1-2-26-3-7-9(21)10(22)13(25-7)20-5-19-8-11(16)17-4-18-12(8)20/h4-7,9-10,13,21-22H,1-3,15H2,(H,23,24)(H2,16,17,18)/t6-,7+,9+,10+,13+/m0/s1	Nc1ncnc2n(cnc12)[C@@H]1O[C@H](CSCC[C@H]([NH3+])C([O-])=O)[C@@H](O)[C@H]1O	ZJUKTBDSGOFHSH-WFMPWKQPSA-N	
CHEBI:5MTOTPAM	5-methoxytryptamine	C11H14N2O	0	190.24	InChI=1S/C11H14N2O/c1-14-9-2-3-11-10(6-9)8(4-5-12)7-13-11/h2-3,6-7,13H,4-5,12H2,1H3	COC1=CC2=C(C=C1)NC=C2CCN	JTEJPPKMYBDEMY-UHFFFAOYSA-N	
CHEBI:18608	5-methyltetrahydrofolate(2-)	C20H23N7O6	-2	457.4399	InChI=1S/C20H25N7O6/c1-27-12(9-23-16-15(27)18(31)26-20(21)25-16)8-22-11-4-2-10(3-5-11)17(30)24-13(19(32)33)6-7-14(28)29/h2-5,12-13,22H,6-9H2,1H3,(H,24,30)(H,28,29)(H,32,33)(H4,21,23,25,26,31)/p-2/t12-,13-/m0/s1	CN1[C@@H](CNc2ccc(cc2)C(=O)N[C@@H](CCC([O-])=O)C([O-])=O)CNc2nc(N)[nH]c(=O)c12	ZNOVTXRBGFNYRX-STQMWFEESA-L	
CHEBI:57453	(6S)-5,6,7,8-tetrahydrofolate(2-)	C19H21N7O6	-2	443.4133	InChI=1S/C19H23N7O6/c20-19-25-15-14(17(30)26-19)23-11(8-22-15)7-21-10-3-1-9(2-4-10)16(29)24-12(18(31)32)5-6-13(27)28/h1-4,11-12,21,23H,5-8H2,(H,24,29)(H,27,28)(H,31,32)(H4,20,22,25,26,30)/p-2/t11-,12-/m0/s1	Nc1nc2NC[C@H](CNc3ccc(cc3)C(=O)N[C@@H](CCC([O-])=O)C([O-])=O)Nc2c(=O)[nH]1	MSTNYGQPCMXVAQ-RYUDHWBXSA-L	
CHEBI:57513	N-acetyl-D-glucosamine 6-phosphate(2-)	C8H14NO9P	-2	299.1718	InChI=1S/C8H16NO9P/c1-3(10)9-5-7(12)6(11)4(18-8(5)13)2-17-19(14,15)16/h4-8,11-13H,2H2,1H3,(H,9,10)(H2,14,15,16)/p-2/t4-,5-,6-,7-,8?/m1/s1	CC(=O)N[C@H]1C(O)O[C@H](COP([O-])([O-])=O)[C@@H](O)[C@@H]1O	BRGMHAYQAZFZDJ-RTRLPJTCSA-L	
CHEBI:506227	N-acetyl-D-glucosamine	C8H15NO6	0	221.2078	InChI=1S/C8H15NO6/c1-3(11)9-5-7(13)6(12)4(2-10)15-8(5)14/h4-8,10,12-14H,2H2,1H3,(H,9,11)/t4-,5-,6-,7-,8?/m1/s1	CC(=O)N[C@H]1C(O)O[C@H](CO)[C@@H](O)[C@@H]1O	OVRNDRQMDRJTHS-RTRLPJTCSA-N	
CHEBI:58516	alpha-D-glucosamine 1-phosphate(1-)	C6H13NO8P	-1	258.1431	InChI=1S/C6H14NO8P/c7-3-5(10)4(9)2(1-8)14-6(3)15-16(11,12)13/h2-6,8-10H,1,7H2,(H2,11,12,13)/p-1/t2-,3-,4-,5-,6-/m1/s1	[NH3+][C@@H]1[C@@H](O)[C@H](O)[C@@H](CO)O[C@@H]1OP([O-])([O-])=O	YMJBYRVFGYXULK-QZABAPFNSA-M	
CHEBI:57776	N-acetyl-alpha-D-glucosamine 1-phosphate(2-)	C8H14NO9P	-2	299.1718	InChI=1S/C8H16NO9P/c1-3(11)9-5-7(13)6(12)4(2-10)17-8(5)18-19(14,15)16/h4-8,10,12-13H,2H2,1H3,(H,9,11)(H2,14,15,16)/p-2/t4-,5-,6-,7-,8-/m1/s1	CC(=O)N[C@@H]1[C@@H](O)[C@H](O)[C@@H](CO)O[C@@H]1OP([O-])([O-])=O	FZLJPEPAYPUMMR-FMDGEEDCSA-L	
CHEBI:57705	UDP-N-acetyl-alpha-D-glucosamine(2-)	C17H25N3O17P2	-2	605.3378	InChI=1S/C17H27N3O17P2/c1-6(22)18-10-13(26)11(24)7(4-21)35-16(10)36-39(31,32)37-38(29,30)33-5-8-12(25)14(27)15(34-8)20-3-2-9(23)19-17(20)28/h2-3,7-8,10-16,21,24-27H,4-5H2,1H3,(H,18,22)(H,29,30)(H,31,32)(H,19,23,28)/p-2/t7-,8-,10-,11-,12-,13-,14-,15-,16-/m1/s1	CC(=O)N[C@@H]1[C@@H](O)[C@H](O)[C@@H](CO)O[C@@H]1OP([O-])(=O)OP([O-])(=O)OC[C@H]1O[C@H]([C@H](O)[C@@H]1O)n1ccc(=O)[nH]c1=O	LFTYTUAZOPRMMI-CFRASDGPSA-L	
CHEBI:48999	4-hydroxyphenylacetate	C8H7O3	-1	151.13938	InChI=1S/C8H8O3/c9-7-3-1-6(2-4-7)5-8(10)11/h1-4,9H,5H2,(H,10,11)/p-1	Oc1ccc(CC([O-])=O)cc1	XQXPVVBIMDBYFF-UHFFFAOYSA-M	
CHEBI:15621	(4-hydroxyphenyl)acetaldehyde	C8H8O2	0	136.14792	InChI=1S/C8H8O2/c9-6-5-7-1-3-8(10)4-2-7/h1-4,6,10H,5H2	[H]C(=O)Cc1ccc(O)cc1	IPRPPFIAVHPVJH-UHFFFAOYSA-N	
CHEBI:1879	2-(4-hydroxyphenyl)ethanol	C8H10O2	0	138.1638	InChI=1S/C8H10O2/c9-6-5-7-1-3-8(10)4-2-7/h1-4,...	OCCc1ccc(O)cc1	YCCILVSKPBXVIP-UHFFFAOYSA-N	
CHEBI:36659	3-(4-hydroxyphenyl)lactate	C9H9O4	-1	181.1654	InChI=1S/C9H10O4/c10-7-3-1-6(2-4-7)5-8(11)9(12)13/h1-4,8,10-11H,5H2,(H,12,13)/p-1	OC(Cc1ccc(O)cc1)C([O-])=O	JVGVDSSUAVXRDY-UHFFFAOYSA-M	
CHEBI:18005	keto-phenylpyruvate	C9H7O3	-1	163.15008	InChI=1S/C9H8O3/c10-8(9(11)12)6-7-4-2-1-3-5-7/h1-5H,6H2,(H,11,12)/p-1	[O-]C(=O)C(=O)Cc1ccccc1	BTNMPGBKDVTSJY-UHFFFAOYSA-M	
CHEBI:11009	(R)-3-phenyllactate	C9H9O3	-1	165.16596	InChI=1S/C9H10O3/c10-8(9(11)12)6-7-4-2-1-3-5-7/h1-5,8,10H,6H2,(H,11,12)/p-1/t8-/m1/s1	O[C@H](Cc1ccccc1)C([O-])=O	VOXXWSYKYCBWHO-MRVPVSSYSA-M	
CHEBI:58095	L-phenylalanine zwitterion	C9H11NO2	0	165.1891	InChI=1S/C9H11NO2/c10-8(9(11)12)6-7-4-2-1-3-5-7/h1-5,8H,6,10H2,(H,11,12)/t8-/m0/s1	[NH3+][C@@H](Cc1ccccc1)C([O-])=O	COLNVLDHVKWLRT-QMMMGPOBSA-N	
CHEBI:15669	trans-cinnamate	C9H7O2	-1	147.15068	InChI=1S/C9H8O2/c10-9(11)7-6-8-4-2-1-3-5-8/h1-7H,(H,10,11)/p-1/b7-6+	[O-]C(=O)\C=C\c1ccccc1	WBYWAXJHAXSJNI-VOTSOKGWSA-M	
CHEBI:27452	styrene	C8H8	0	104.14912	InChI=1S/C8H8/c1-2-8-6-4-3-5-7-8/h2-7H,1H2	C=Cc1ccccc1	PPBRXRYQALVLMV-UHFFFAOYSA-N	
CHEBI:58315	L-tyrosine zwitterion	C9H11NO3	0	181.1885	InChI=1S/C9H11NO3/c10-8(9(12)13)5-6-1-3-7(11)4-2-6/h1-4,8,11H,5,10H2,(H,12,13)/t8-/m0/s1	[NH3+][C@@H](Cc1ccc(O)cc1)C([O-])=O	OUYCCCASQSFEME-QMMMGPOBSA-N	
CHEBI:17756	(S)-mandelate	C8H7O3	-1	151.13938	InChI=1S/C8H8O3/c9-7(8(10)11)6-4-2-1-3-5-6/h1-5,7,9H,(H,10,11)/p-1/t7-/m0/s1	O[C@H](C([O-])=O)c1ccccc1	IWYDHOAUDWTVEP-ZETCQYMHSA-M	
CHEBI:36656	phenylglyoxylate	C8H5O3	-1	149.1235	InChI=1S/C8H6O3/c9-7(8(10)11)6-4-2-1-3-5-6/h1-5H,(H,10,11)/p-1	[O-]C(=O)C(=O)c1ccccc1	FAQJJMHZNSSFSM-UHFFFAOYSA-M	
CHEBI:58358	4-carboxy-2-hydroxy-cis,cis-muconate 6-semialdehyde(2-)	C7H4O6	-2	184.1031	InChI=1S/C7H6O6/c8-2-1-4(6(10)11)3-5(9)7(12)13/h1-3,9H,(H,10,11)(H,12,13)/p-2/b4-1+,5-3+	O\C(=C\C(=C/C=O)C([O-])=O)C([O-])=O	YOMOLPRSDGXHCY-CLLRDSTBSA-L	
CHEBI:61985	4-carboxy-2-hydroxymuconate semialdehyde hemiacetal(2-)	C7H4O6	-2	184.1031	InChI=1S/C7H6O6/c8-5-2-3(6(9)10)1-4(13-5)7(11)12/h1-2,5,8H,(H,9,10)(H,11,12)/p-2	OC1OC(=CC(=C1)C([O-])=O)C([O-])=O	MLOJGZHQNWCBAC-UHFFFAOYSA-L	
CHEBI:58304	2-oxo-2H-pyran-4,6-dicarboxylate	C7H2O6	-2	182.0872	InChI=1S/C7H4O6/c8-5-2-3(6(9)10)1-4(13-5)7(11)12/h1-2H,(H,9,10)(H,11,12)/p-2	[O-]C(=O)c1cc(oc(=O)c1)C([O-])=O	VRMXCPVFSJVVCA-UHFFFAOYSA-L	
CHEBI:17578	toluene	C7H8	0	92.13842	InChI=1S/C7H8/c1-7-5-3-2-4-6-7/h2-6H,1H3	Cc1ccccc1	YXFVVABEGXRONW-UHFFFAOYSA-N	
CHEBI:327995	tyraminium	C8H12NO	1	138.187	InChI=1S/C8H11NO/c9-6-5-7-1-3-8(10)4-2-7/h1-4,10H,5-6,9H2/p+1	[NH3+]CCc1ccc(O)cc1	DZGWFCGJZKJUFP-UHFFFAOYSA-O	
CHEBI:57504	L-dopa zwitterion	C9H11NO4	0	197.1879	InChI=1S/C9H11NO4/c10-6(9(13)14)3-5-1-2-7(11)8(12)4-5/h1-2,4,6,11-12H,3,10H2,(H,13,14)/t6-/m0/s1	[NH3+][C@@H](Cc1ccc(O)c(O)c1)C([O-])=O	WTDRDQBEARUVNC-LURJTMIESA-N	
CHEBI:59905	dopaminium(1+)	C8H12NO2	1	154.1864	InChI=1S/C8H11NO2/c9-4-3-6-1-2-7(10)8(11)5-6/h1-2,5,10-11H,3-4,9H2/p+1	[NH3+]CCc1ccc(O)c(O)c1	VYFYYTLLBUKUHU-UHFFFAOYSA-O	
CHEBI:3HXTYR	3-hydroxytyrosol	C8H10O3	0	154.16	InChI=1S/C8H10O3/c9-4-3-6-1-2-7(10)8(11)5-6/h1-2,5,9-11H,3-4H2	C1(/C(\CCO)=C/C(/O)=C(C=1)/O)	JUUBCHWRXWPFFH-UHFFFAOYSA-N	
CHEBI:27978	3,4-dihydroxyphenylacetaldehyde	C8H8O3	0	152.1473	InChI=1S/C8H8O3/c9-4-3-6-1-2-7(10)8(11)5-6/h1-2,4-5,10-11H,3H2	[H]C(=O)Cc1ccc(O)c(O)c1	IADQVXRMSNIUEL-UHFFFAOYSA-N	
CHEBI:15882	phenol	C6H6O	0	94.1112	InChI=1S/C6H6O/c7-6-4-2-1-3-5-6/h1-5,7H	Oc1ccccc1	ISWSIDIOOBJBQZ-UHFFFAOYSA-N	
CHEBI:18135	catechol	C6H6O2	0	110.11064	InChI=1S/C6H6O2/c7-5-3-1-2-4-6(5)8/h1-4,7-8H	Oc1ccccc1O	YCIMNLLNPGFGHC-UHFFFAOYSA-N	
CHEBI:32379	cis,cis-muconate	C6H4O4	-2	140.09356	InChI=1S/C6H6O4/c7-5(8)3-1-2-4-6(9)10/h1-4H,(H,7,8)(H,9,10)/p-2/b3-1-,4-2-	[O-]C(=O)\C=C/C=C\C([O-])=O	TXXHDPDFNKHHGW-CCAGOZQPSA-L	
CHEBI:12876	trans-4-coumarate	C9H7O3	-1	163.15008	InChI=1S/C9H8O3/c10-8-4-1-7(2-5-8)3-6-9(11)12/h1-6,10H,(H,11,12)/p-1/b6-3+	Oc1ccc(cc1)\C=C\C([O-])=O	NGSWKAQJJWESNS-ZZXKWVIFSA-M	
CHEBI:45713	trans-resveratrol	C14H12O3	0	228.24328	InChI=1S/C14H12O3/c15-12-5-3-10(4-6-12)1-2-11-7-13(16)9-14(17)8-11/h1-9,15-17H/b2-1+	Oc1ccc(cc1)\C=C\c1cc(O)cc(O)c1	LUKBXSAWLPMMSZ-OWOJBTEDSA-N	
CHEBI:1883	4-hydroxystyrene	C8H8O	0	120.14852	InChI=1S/C8H8O/c1-2-7-3-5-8(9)6-4-7/h2-6,9H,1H2	Oc1ccc(C=C)cc1	FUGYGGDSWSUORM-UHFFFAOYSA-N	
CHEBI:57770	trans-caffeate	C9H7O4	-1	179.1495	InChI=1S/C9H8O4/c10-7-3-1-6(5-8(7)11)2-4-9(12)13/h1-5,10-11H,(H,12,13)/p-1/b4-2+	Oc1ccc(\C=C\C([O-])=O)cc1O	QAIPRVGONGVQAS-DUXPYHPUSA-M	
CHEBI:29749	ferulate	C10H9O4	-1	193.17606	InChI=1S/C10H10O4/c1-14-9-6-7(2-4-8(9)11)3-5-10(12)13/h2-6,11H,1H3,(H,12,13)/p-1/b5-3+	COc1cc(\C=C\C([O-])=O)ccc1O	KSEBMYQBYZTDHS-HWKANZROSA-M	
CHEBI:16424	phenylacetaldehyde	C8H8O	0	120.1485	InChI=1S/C8H8O/c9-7-6-8-4-2-1-3-5-8/h1-5,7H,6H2	[H]C(=O)Cc1ccccc1	DTUQWGWMVIHBKE-UHFFFAOYSA-N	
CHEBI:2PETO	2-phenylethanol	C8H10O	0	122.17	InChI=1S/C8H10O/c9-7-6-8-4-2-1-3-5-8/h1-5,9H,6-7H2	C1(/C=CC(\CCO)=C/C=1)	WRMNZCZEMHIOCP-UHFFFAOYSA-N	
CHEBI:18401	phenylacetate	C8H7O2	-1	135.13998	InChI=1S/C8H8O2/c9-8(10)6-7-4-2-1-3-5-7/h1-5H,6H2,(H,9,10)/p-1	[O-]C(=O)Cc1ccccc1	WLJVXDMOQOGPHL-UHFFFAOYSA-M	
CHEBI:57390	phenylacetyl-CoA(4-)	C29H38N7O17P3S	-4	881.635	InChI=1S/C29H42N7O17P3S/c1-29(2,24(40)27(41)32-9-8-19(37)31-10-11-57-20(38)12-17-6-4-3-5-7-17)14-50-56(47,48)53-55(45,46)49-13-18-23(52-54(42,43)44)22(39)28(51-18)36-16-35-21-25(30)33-15-34-26(21)36/h3-7,15-16,18,22-24,28,39-40H,8-14H2,1-2H3,(H,31,37)(H,32,41)(H,45,46)(H,47,48)(H2,30,33,34)(H2,42,43,44)/p-4/t18-,22-,23-,24+,28-/m1/s1	CC(C)(COP([O-])(=O)OP([O-])(=O)OC[C@H]1O[C@H]([C@H](O)[C@@H]1OP([O-])([O-])=O)n1cnc2c(N)ncnc12)[C@@H](O)C(=O)NCCC(=O)NCCSC(=O)Cc1ccccc1	ZIGIFDRJFZYEEQ-CECATXLMSA-J	
CHEBI:6PHX	6-phenylhexanoate	C12H15O2	-1	191.25	InChI=1S/C12H16O2/c13-12(14)10-6-2-5-9-11-7-3-1-4-8-11/h1,3-4,7-8H,2,5-6,9-10H2,(H,13,14)/p-1	C1(/C=CC(\CCCCCC(=O)[O-])=C/C=1)	JTXZPQIXIXYMDY-UHFFFAOYSA-M	
CHEBI:75317	4-phenylbutyrate	C10H11O2	-1	163.1931	InChI=1S/C10H12O2/c11-10(12)8-4-7-9-5-2-1-3-6-9/h1-3,5-6H,4,7-8H2,(H,11,12)/p-1	[O-]C(=O)CCCc1ccccc1	OBKXEAXTFZPCHS-UHFFFAOYSA-M	
CHEBI:36592	pyrrolidin-2-one	C4H7NO	0	85.1045	InChI=1S/C4H7NO/c6-4-2-1-3-5-4/h1-3H2,(H,5,6)	O=C1CCCN1	HNJBEVLQSNELDL-UHFFFAOYSA-N	
CHEBI:57302	proclavaminic acid zwitterion	C8H14N2O4	0	202.2078	InChI=1S/C8H14N2O4/c9-3-1-5(11)7(8(13)14)10-4-2-6(10)12/h5,7,11H,1-4,9H2,(H,13,14)/t5-,7+/m1/s1	[NH3+]CC[C@@H](O)[C@H](N1CCC1=O)C([O-])=O	NMCINKPVAOXDJH-VDTYLAMSSA-N	
CHEBI:57304	N(2)-(2-carboxyethyl)-L-arginine dizwitterion	C9H18N4O4	0	246.2636	InChI=1S/C9H18N4O4/c10-9(11)13-4-1-2-6(8(16)17)12-5-3-7(14)15/h6,12H,1-5H2,(H,14,15)(H,16,17)(H4,10,11,13)/t6-/m0/s1	NC(=[NH2+])NCCC[C@H]([NH2+]CCC([O-])=O)C([O-])=O	OHWCFZJEIHZWMN-LURJTMIESA-N	
CHEBI:58647	amidinoproclavaminic acid zwitterion	C9H16N4O4	0	244.2477	InChI=1S/C9H16N4O4/c10-9(11)12-3-1-5(14)7(8(16)17)13-4-2-6(13)15/h5,7,14H,1-4H2,(H,16,17)(H4,10,11,12)/t5-,7+/m1/s1	NC(=[NH2+])NCC[C@@H](O)[C@H](N1CCC1=O)C([O-])=O	MPNWPLYZGCKKFY-VDTYLAMSSA-N	
CHEBI:57303	deoxyamidinoproclavaminic acid zwitterion	C9H16N4O3	0	228.2483	InChI=1S/C9H16N4O3/c10-9(11)12-4-1-2-6(8(15)16)13-5-3-7(13)14/h6H,1-5H2,(H,15,16)(H4,10,11,12)/t6-/m0/s1	NC(=[NH2+])NCCC[C@H](N1CCC1=O)C([O-])=O	UYADDEKIZFRINK-LURJTMIESA-N	
CHEBI:57499	2-oxoadipate(2-)	C6H6O5	-2	158.1088	InChI=1S/C6H8O5/c7-4(6(10)11)2-1-3-5(8)9/h1-3H2,(H,8,9)(H,10,11)/p-2	[O-]C(=O)CCCC(=O)C([O-])=O	FGSBNBBHOZHUBO-UHFFFAOYSA-L	
CHEBI:58884	(2R)-homocitrate(3-)	C7H7O7	-3	203.1263	InChI=1S/C7H10O7/c8-4(9)1-2-7(14,6(12)13)3-5(10)11/h14H,1-3H2,(H,8,9)(H,10,11)(H,12,13)/p-3/t7-/m1/s1	O[C@](CCC([O-])=O)(CC([O-])=O)C([O-])=O	XKJVEVRQMLKSMO-SSDOTTSWSA-K	
CHEBI:58174	but-1-ene-1,2,4-tricarboxylate	C7H5O6	-3	185.111	InChI=1S/C7H8O6/c8-5(9)2-1-4(7(12)13)3-6(10)11/h3H,1-2H2,(H,8,9)(H,10,11)(H,12,13)/p-3/b4-3-	[O-]C(=O)CC\C(=C\C([O-])=O)C([O-])=O	BJYPZFUWWJSAKC-ARJAWSKDSA-K	
CHEBI:15404	(-)-homoisocitrate(3-)	C7H7O7	-3	203.12628	InChI=1S/C7H10O7/c8-4(9)2-1-3(6(11)12)5(10)7(13)14/h3,5,10H,1-2H2,(H,8,9)(H,11,12)(H,13,14)/p-3/t3-,5+/m0/s1	O[C@H]([C@H](CCC([O-])=O)C([O-])=O)C([O-])=O	OEJZZCGRGVFWHK-WVZVXSGGSA-K	
CHEBI:28579	epsilon-caprolactam	C6H11NO	0	113.15768	InChI=1S/C6H11NO/c8-6-4-2-1-3-5-7-6/h1-5H2,(H,7,8)	O=C1CCCCCN1	JBKVHLHDHHXQEQ-UHFFFAOYSA-N	
CHEBI:72701	2-oxopimelate(2-)	C7H8O5	-2	172.1354	InChI=1S/C7H10O5/c8-5(7(11)12)3-1-2-4-6(9)10/h1-4H2,(H,9,10)(H,11,12)/p-2	[O-]C(=O)CCCCC(=O)C([O-])=O	HABHUTWTLGRDDU-UHFFFAOYSA-L	
CHEBI:57826	6-aminohexanoic acid zwitterion	C6H13NO2	0	131.1729	InChI=1S/C6H13NO2/c7-5-3-1-2-4-6(8)9/h1-5,7H2,(H,8,9)	[NH3+]CCCCCC([O-])=O	SLXKOJJOQWFEFD-UHFFFAOYSA-N	
CHEBI:6ACACoA	6-aminocaproic CoA	C27H44N7O17P3S	-5	877.66788				
CHEBI:32373	4-coumarate	C9H7O3	-1	163.15008	InChI=1S/C9H8O3/c10-8-4-1-7(2-5-8)3-6-9(11)12/h1-6,10H,(H,11,12)/p-1	[H]C(=Cc1ccc(O)cc1)C([O-])=O	NGSWKAQJJWESNS-UHFFFAOYSA-M	
CHEBI:58017	5-O-phosphonato-alpha-D-ribofuranosyl diphosphate(5-)	C5H8O14P3	-5	385.0299	InChI=1S/C5H13O14P3/c6-3-2(1-16-20(8,9)10)17-5(4(3)7)18-22(14,15)19-21(11,12)13/h2-7H,1H2,(H,14,15)(H2,8,9,10)(H2,11,12,13)/p-5/t2-,3-,4-,5-/m1/s1	O[C@H]1[C@@H](O)[C@H](O[C@@H]1COP([O-])([O-])=O)OP([O-])(=O)OP([O-])([O-])=O	PQGCEDQWHSBAJP-TXICZTDVSA-I	
CHEBI:18277	N-(5-phosphonato-beta-D-ribosyl)anthranilate	C12H13NO9P	-3	346.20672	InChI=1S/C12H16NO9P/c14-9-8(5-21-23(18,19)20)22-11(10(9)15)13-7-4-2-1-3-6(7)12(16)17/h1-4,8-11,13-15H,5H2,(H,16,17)(H2,18,19,20)/p-3/t8-,9-,10-,11-/m1/s1	O[C@H]1[C@@H](O)[C@H](Nc2ccccc2C([O-])=O)O[C@@H]1COP([O-])([O-])=O	PMFMJXPRNJUYMB-GWOFURMSSA-K	
CHEBI:58613	1-(2-carboxylatophenylamino)-1-deoxy-D-ribulose 5-phosphate(3-)	C12H13NO9P	-3	346.2067	InChI=1S/C12H16NO9P/c14-9(11(16)10(15)6-22-23(19,20)21)5-13-8-4-2-1-3-7(8)12(17)18/h1-4,10-11,13,15-16H,5-6H2,(H,17,18)(H2,19,20,21)/p-3/t10-,11+/m1/s1	O[C@H](COP([O-])([O-])=O)[C@@H](O)C(=O)CNc1ccccc1C([O-])=O	QKMBYNRMPRKVTO-MNOVXSKESA-K	
CHEBI:58866	(1S,2R)-1-C-(indol-3-yl)glycerol 3-phosphate(2-)	C11H12NO6P	-2	285.1898	InChI=1S/C11H14NO6P/c13-10(6-18-19(15,16)17)11(14)8-5-12-9-4-2-1-3-7(8)9/h1-5,10-14H,6H2,(H2,15,16,17)/p-2/t10-,11+/m1/s1	O[C@H](COP([O-])([O-])=O)[C@@H](O)c1c[nH]c2ccccc12	NQEQTYPJSIEPHW-MNOVXSKESA-L	